topo_id,state,abbreviation,2010-01,2010-02,2011-12,2012-01,2012-02,2012-03,2012-04,2012-05,2012-06,2012-07,2012-08,2012-09,2012-10,2012-11,2012-12,2013-01,2013-02,2013-03,2013-04,2013-05,2013-06,2013-07,2013-08,2013-09,2013-10,2013-11,2013-12,2014-01,2014-02,2014-03,2014-04,2014-05,2014-06,2014-07,2014-08,2014-09,2014-10,2014-11,2014-12,2015-01,2015-02,2015-03,2015-04,2015-05,2015-06,2015-07,2015-08,2015-09,2015-10,2015-11,2015-12,2016-01,2016-02,2016-03,2016-04,2016-05,2016-06,2016-07,2016-08,2016-09,2016-10,2016-11,2016-12,2017-01,2017-02,2017-03,2017-04,2017-05,2017-06,2017-07,2017-08,2017-09,2017-10,2017-11,2017-12,2018-01,2018-02,2018-03,2018-04,2018-05,2018-06,2018-07
2,Alaska,AK,274036.1,277230.0,251645.09492931506,252578.80068694812,252950.068856901,252792.7343585169,253555.70480425976,254354.3389695702,254271.70415409253,254230.97303110396,254595.8233492069,255403.74046117582,255707.0905650181,255473.88436950647,255663.69788828748,255553.8529356138,255531.51352849952,255028.53882968635,254697.87918587984,253640.77172717926,253227.18780996217,253515.13193969816,253966.2281794818,254284.01403242254,254965.88837473473,256661.28123258622,257306.67608147103,257991.11874777186,257767.40903394515,257463.24686293,257168.6239295697,256763.99577544787,257394.226013267,258905.35044866937,260745.06932904027,263151.8463312494,264646.7739940296,264981.77721913863,265559.9828694884,265686.65326299524,265968.69346345443,266393.55210785836,266051.3039711452,266262.5471497982,266845.42190278746,268278.47710762837,269471.4766504203,270753.3436343684,271781.6102136058,272353.74590572296,272671.6841502147,272716.5005618208,272751.69364319585,272755.12086978887,272946.5041167814,273558.29157274694,275038.14643672074,277788.2192027447,280685.7572924062,283412.551443741,284100.04471743363,284413.0108491918,283519.3206360789,282146.73344695,281309.97618641827,280860.2921768211,280851.55181921046,280426.6160029698,280263.4438374393,280211.39502346894,280078.12496236374,280010.4072347453,280011.79347611027,279643.4615465832,279033.8804254973,278483.3755618265,278323.5743377069,278389.00808334566,278245.48700962664,278013.2922136113,277842.00347189384,277682.7330716903
1,Alabama,AL,188337.13551401868,187864.07476635513,167469.89958623901,166770.17292093445,166107.2339208394,165708.86098282784,165458.4588459159,165209.53709284894,165143.3921157535,165064.28457079746,164951.00558202993,164739.04298706594,164479.7580943755,164350.4670523358,164305.8066802571,164426.2490103174,164740.68535338982,165317.2824267671,165239.90513398199,165136.61050536865,164802.07870778383,164245.40387563987,164165.56758548808,164144.65887882665,164310.2013753396,164443.66776176568,164628.59032242835,164957.07483894005,165169.2971158818,165486.35299790977,165802.89492583388,166281.0424046958,166763.6361407708,167559.8785186479,168457.04219328382,169818.1500709187,170868.60102551072,171716.79271947005,171219.16292056776,171300.86683071853,171386.21453107893,171363.473761348,171354.29301228756,171387.37187814905,171463.59719056965,171555.30354066682,171727.28293118643,171825.5333496409,171792.57387414027,171813.00642268488,171798.58183462624,171728.18355725176,171733.04482151254,171551.7854681203,170881.82968131755,170568.23159461634,170367.59469833205,170434.17513792886,171382.21446369402,171757.18622950307,172344.08512014625,172724.41626658684,173043.65215911265,173452.56427510246,174118.19857811785,174824.32056531755,175572.52655466742,175940.44508666187,176427.30797005782,177292.18797164448,178316.66708167657,179504.17748295044,181371.50590190137,182707.63548791228,183197.7180186609,183768.11442179946,183949.00622122185,184028.49892247704,183765.5196137521,183632.7933875826,183692.79686145962,183843.97350866976
5,Arkansas,AR,159239.3650793651,158150.09523809524,149241.39579253708,149354.79315520157,149677.16754248607,150111.65015366787,150397.3566036059,150255.39597093692,150057.85782206155,149950.07585025532,150060.52783667596,150239.1962982933,150540.20736624466,150624.66644380896,150495.9843672474,150252.44752155457,150220.91412054418,150231.33253369262,150234.34477759205,150237.55209981865,150363.15652032546,150456.67862563394,150466.64116555406,150524.69019636879,150461.1810667435,150083.1163200381,149925.9989540749,149698.74181569013,149452.8859955219,149461.7620911517,149495.5040293436,149497.40157274896,149451.46197790955,149349.50983740913,149393.48645449625,149546.3477623641,149577.30421090024,149587.6870839437,149583.84744713333,149578.59567515383,149475.7845933708,149090.80989823857,148635.07333499315,147916.61634548812,147233.79785767803,147123.08898413277,147421.01169570923,148193.1224356697,149243.70698959145,150223.7202387288,150946.1439583915,151660.50267159537,152117.16439459115,152371.1242937066,152670.95314985345,153146.22821439544,153652.0986636296,154465.837220261,155648.6305278191,156802.31996556715,157794.11922485623,158365.89106692237,158617.41442273319,158607.38318225095,158608.45500859336,158539.813513566,157620.70095804255,157217.2801106386,156533.03726808276,156358.15552438723,156835.93850631942,157430.54449292715,158166.65353658644,158740.4524004034,159400.81519022025,159944.22361457415,160367.44033054746,160759.24555345695,161400.58202654964,162084.12109717718,163287.30012384622,164732.20959555448
4,Arizona,AZ,259951.1150793651,257748.50396825396,209217.95891808934,210556.50205578114,211532.19564096135,212763.51729253915,213876.7504723838,213725.06553675854,213138.9947729097,212538.8271142905,211949.5389610058,211241.00936964183,210686.49388132995,210160.1156816407,210235.52028499485,210064.5486457367,209957.3000228112,210644.5692103436,211687.28509529747,213347.63692537887,215554.2786356691,218306.7646187785,221292.92731989778,224214.71477611279,227234.33071512033,230177.1036882246,232661.09631974366,234464.71917219769,235790.26260479004,237545.31691831266,239630.877278141,241347.72185950744,242958.35749752083,243882.5682965198,244442.97442241572,244292.27008290894,244134.64730285635,244029.8539663295,244406.11069855443,244907.90524569797,245236.0727319483,245242.3934050845,244929.14187556907,244257.24157841253,243327.92921002355,243178.45445281218,242728.10797064105,242485.66706809436,242409.5327525816,242308.1204577663,242526.10752826618,242829.24506099967,243079.05110228132,243859.14113317578,244812.06723613263,245930.98644125456,246958.35116137448,248469.73383521338,250056.67931929213,251690.00078835414,253194.9634781466,254431.0253219063,255699.46671169513,256747.71980877258,257628.27517633434,258925.4121925635,259654.77121960968,259966.84908545858,260543.94792362783,261307.9711041879,262472.8848801054,263855.5815441082,265287.7114277235,266746.68867873296,268011.2953769588,269092.32211610605,270047.1191536816,271462.7312897067,273231.0927313748,274685.52167140204,275954.3590667893,277169.27200846554
6,California,CA,439534.28317535546,434727.366745283,380093.5598787953,378014.19961611135,376975.324079057,377128.15684784256,378865.83184754575,380379.16961882793,381557.8370040328,382056.3617789555,381495.76924216945,379857.0069917197,378066.5154158827,375811.9833429436,373406.1588463775,370412.16211766226,366624.6889250296,362510.6342009461,357382.56420742744,353325.672134054,350765.2302386968,351058.8828239046,354071.46782376984,358840.83263641177,365628.6790240372,373285.66678534704,381497.7946393647,389628.05020939023,398200.2066027669,406981.0181168342,416556.1869667781,425879.267400442,435777.5089994219,445865.95331972785,456394.1862489967,466684.7031374435,475382.4898706965,481972.4951073089,483649.7316374204,483763.6590078047,484056.95090844616,482692.28695106704,479981.5223073734,476333.6637749036,473587.77483109874,471507.2488371143,468882.7881492412,467865.2127076068,467291.10869388946,468023.75341737666,468445.2920477843,469020.49909063487,469607.62922502524,469972.5575995298,471489.5506406549,473878.4261846937,477225.385669912,482569.66350380424,488501.18901509064,495099.70613701304,502645.2982209437,508526.523837912,513441.4279594126,517921.00987422664,523337.29788945644,528960.4165633013,533119.071774465,537993.0799052136,543024.8665974734,549258.8964084905,555563.5105230798,561360.5873955725,566233.9302583659,570441.2695596084,574454.5829057703,578366.2899598299,581817.8849132556,586073.9633456075,590139.881664577,594393.7254629493,598625.1236887197,603715.6215069985
8,Colorado,CO,263805.7761904762,262523.9380952381,235167.58250906089,234749.5342267031,235012.4044063419,235850.12399571209,237579.44684713572,237759.09459999768,237235.9741997112,236550.79368126395,235909.59734972764,235700.52503954372,235863.30929372154,236187.30062854945,236791.80616644965,236933.41998603128,237170.48553668303,236804.80679836968,236011.45945341524,235191.71471753018,234920.5709440044,235671.4078172278,237283.69137743668,238995.6933018452,241205.8271586035,242690.24264031986,244124.88960426766,245340.4729402572,245924.67205201605,246813.59233229555,247898.39886431993,249708.50358522355,251508.16288316256,253700.60210851018,256661.05502763644,259687.17323659136,263166.96694429725,266034.2867435513,268107.6587707753,269113.28361755464,270755.1616356262,272979.589835951,275178.44786835683,276444.2053264687,278580.3382064793,277986.90035845235,277547.9324369121,278213.3281509705,278925.28362646967,279980.5445820832,280761.8656354808,282594.8773317378,284622.335774364,287813.16876869864,291338.88507960935,295155.61685779947,298624.3235358601,303762.5025516447,310014.77253048494,315720.9429499267,322465.11303949915,329975.42984217487,337671.96613879455,345735.1263064912,355140.8849852287,360425.98646367044,363500.9390435441,367069.388796545,371684.1640319772,375845.8266066603,379047.8550921088,382190.7470784101,385438.96946634055,389607.5550155576,393478.31696533517,397492.47278674337,399031.27861939254,401586.98016433616,405944.58861311775,410176.28956189926,414454.19623161625,418230.09110880806
9,Connecticut,CT,366611.53658536583,366817.70967741933,326893.2796737171,328119.8421771364,329489.9072781994,330278.37247067154,331303.8507403032,331113.77568554535,330971.89181238355,330870.68097124674,330996.6955987478,330927.4564225127,331041.37574728124,331136.0555032161,331537.7245805883,331773.37925541657,331664.88986577484,332405.4769461541,333545.3651323368,335284.16067763086,338175.0377567213,337710.7889479656,337903.2751155585,338375.7932431317,339093.19566644315,339815.01933210687,340810.04468606075,340953.85017440666,340883.4632992877,341852.05187362985,344058.5504862794,345356.78572403913,346425.55785500444,347300.5630723011,348944.3377761871,350649.92689738306,350993.7585039461,351891.46718000877,352946.31505985814,352985.23262044595,352744.4080526528,352782.36104761326,350151.0860554758,348859.99863088375,348212.34032722306,347736.1842189338,347815.8889758162,347746.32867050765,347701.77700712497,348259.9676231456,348654.8343509081,349142.547838581,349698.33944117656,350403.17452133563,350176.5928234504,350702.54881721444,352170.1371844678,354014.94459390896,356481.365678903,354839.3391132228,355167.02646966925,356353.7172153697,356356.67870422726,356675.42975369527,356254.80643459613,356398.73741904116,357472.6102863211,359097.2171349375,361739.01469410356,365095.3395335436,369167.96035561664,374513.5296088458,379382.8167089628,384355.5979067228,385795.8566659221,387504.39422652207,389694.5391729541,391269.73289372394,393532.8259147348,393389.04014006036,393393.2471530239,393149.9697193942
11,District of Columbia,DC,351953.9285714286,357557.14285714284,335538.273037152,334789.0800728695,333468.0643563698,332915.9290930446,331456.5869089728,331347.5371618021,332264.85757599515,332501.99925993953,334865.97663091746,338470.9669525598,344313.7978432443,349683.3928987662,353823.40196092933,357890.1034387792,361090.8551814837,363518.4932615416,347196.5925809063,334887.928081671,327869.4850635131,327465.21283760155,331119.8056094993,335155.2513544343,338187.97418449225,342225.07295479823,346689.2302910631,352210.2650355779,358007.41535698983,363374.3212994373,371485.7503408137,382788.58832806454,393946.37475015654,406029.2128374735,420997.67392101703,439521.3725099099,458028.0488148388,485143.7822302529,485720.85408829217,485364.49816536217,485311.25881997636,484589.7688846796,490251.78231656644,492710.4303574283,494230.33790709276,496396.5789617018,499575.5225121297,500714.84215914743,502110.20465371467,503280.3198616831,503752.73881632753,506341.2359952309,509780.8042553377,513775.07618507254,516850.1016110579,519412.0606842163,523506.02390818374,525730.2772170726,527515.2601461919,529953.9426798517,535825.1300603306,536292.4557051355,535239.3500788542,534938.5999828065,534050.7056019512,535490.0612552593,533637.5151352524,532507.9523406503,529537.5935721886,529188.4384292774,528838.1585780261,528279.2829175101,530173.2608837629,531439.7523192527,531527.2603990985,531658.33321331,531695.2628326126,531675.8572560757,534533.1079435312,539315.9583976056,542258.7850223391,546639.7908464841
10,Delaware,DE,271997.0571428572,273476.97142857144,234053.73077002322,232395.46308707003,230959.88833824865,230398.60078460452,230379.79031984077,230756.33312900297,231388.96932726784,232157.79721306777,232765.7588529207,232903.43154622245,233140.98322783175,233367.05411113982,233507.57007076291,234212.84690530936,234703.99507496817,234366.64206084854,233963.63459741115,232495.27946689093,232083.76627812834,232281.4901115545,232832.23693170183,233427.27402557136,234755.5590558545,235803.88272107905,236633.73610259738,237457.50496324454,238311.77730934406,239184.47640695877,239309.896018577,240014.65176653795,241096.44248027526,242442.20689999082,244647.19180372395,246094.23582723367,247278.34076545574,248041.12232944398,248912.56209391286,248976.26785010882,249446.42915574438,250189.839120421,250496.98508837,250065.61669906016,250092.73174320578,250971.19248021394,251627.05397676514,252959.81933832503,254296.15739389247,255428.06750113185,255600.77322232636,255742.14335949597,255828.86170393764,255950.27788767836,255764.68943910248,255386.06894478176,255469.48620839696,255697.9635376733,256065.1308770316,256964.34115743058,258221.33241176064,258977.21081005462,259438.63998620928,259131.17921419104,258914.03154907183,258941.15737581608,258877.1127468876,259082.4421133829,259117.00617231024,259068.6904355298,259415.55145058138,256251.25882162314,255161.94148236891,254450.24800965234,254148.55952078337,254108.06260593518,254469.84786391596,254856.08559928148,254892.78597991145,254961.37239917478,255571.09459811347,256688.2354826984
12,Florida,FL,236679.48101265822,234911.09367088607,195144.820176429,195650.95700934704,196266.81172616727,197201.80624865997,198497.72694111313,199391.83912768922,199804.72182708667,200230.283925828,200164.22715539625,199936.47334670575,199907.9535266602,199254.4564987038,198706.31721928113,197735.95359882398,196831.38757736536,195989.65880129076,195267.57787391404,194715.74026136563,194778.33853920797,195470.6443181726,196737.1620501994,197794.5522574438,198683.2604001653,199543.87249924682,200642.78575327518,201630.77026134322,202854.54939306164,204366.7878006608,206450.29600102053,209027.8614350792,212512.592410615,215127.09081283933,218045.94928755664,220579.07783102684,223050.3284386548,225027.5504491179,226971.71922089034,228536.3156153023,230428.253042494,232292.73817630686,234580.38186867867,236318.79416360272,237688.29960145534,238694.92185110957,239385.26130845904,239810.11005534668,239985.85458358846,239948.66306382534,239470.9908379312,240010.99827627063,241339.90078106854,242458.21487466135,243879.79091795054,245375.2486498364,247103.52042663336,248565.66107304234,250538.83399587878,252587.37733460683,254785.02038320416,257324.74432150702,260305.81677841616,263618.746333199,267275.4272561405,270454.4264758832,273034.54521923437,275465.4655692013,277632.2322639417,279171.48389223986,279778.41704310494,280549.79966876574,281812.93008353544,282997.725201216,283932.15053565224,284804.2572977862,285748.44678936934,286578.7114873437,287948.7882084071,289125.91931889317,290097.2541217038,291416.46578433947
13,Georgia,GA,226015.24834437086,223795.64569536425,180616.2775867106,178982.10861925635,177850.8512629551,177025.00881111057,176937.5004888348,177061.7193745292,177368.68372923677,177896.01438691438,178358.84057263294,178414.63934957053,178251.48823777473,178116.59594920624,177737.7721698014,177274.88192082982,176259.53706555217,175296.28949680505,174066.16166402836,173176.14667502043,172539.16538066306,172796.09036507297,173848.23331412216,175361.21834507486,177115.71855965222,179212.9758274973,181713.36656573313,184262.31630944472,187038.68322776133,190242.14093875763,193819.01778263957,199008.53444328773,200225.92837631766,201816.6543880235,203503.43066138285,205235.77167405083,206376.30048397213,207498.32724585186,208007.27520932353,208491.67352300853,208498.5136607174,208679.65359945083,208739.8934765072,208758.43900041629,208868.7761879054,209435.1486130578,210434.04140924301,211768.38057176024,212549.80912962573,213145.04172071966,213057.44611855323,212971.9974456553,212857.0965388712,212730.09135959504,212527.62862210989,212597.18345908882,213339.45731294606,214201.31222836257,215837.80211652775,217511.68258636948,218827.91442173193,220262.31582234974,221596.06862612272,222892.72065477734,224065.6472360673,225393.812346247,225656.53876980534,226001.25245981675,226540.3098454335,227252.18305320962,227816.516532619,228435.66716802653,229330.6999248956,230058.30905347102,230369.29181728847,230621.86914761906,230739.06245513837,230873.49300502645,231305.16109653475,231914.33878795133,232742.96929705533,234025.79877980647
15,Hawaii,HI,465423.07692307694,470800.0,358259.6504409125,359705.60600040597,360492.7880200049,362814.10086942185,366522.85857553146,367407.39232667594,368475.26753192453,372019.0147912017,373087.4223621277,375130.28614028584,375487.9596083122,341372.9003881684,328571.1677107444,324088.51459057035,321791.69140846207,321709.7072094005,321558.62463608803,322681.3157517569,324655.6850970143,326587.7812218934,320146.0828049481,318294.55747211655,322178.25716304063,327579.8039122585,335456.8478207196,346314.99440460507,359112.9472397425,374351.10227535735,393384.5333569744,415208.0796881998,444420.98614304286,448060.94876101904,452569.6211572517,461500.68887618644,472021.8142941907,483915.07696934487,495132.2655132778,510248.7622927552,525931.0851809091,534335.8444632003,534744.484722489,535265.6017202713,535202.5593076329,535858.1420134025,535572.4061618062,533698.2904057887,532235.5294951167,530420.1176245571,527112.6775482248,524728.2646165568,525450.6381086548,527156.9476976396,526046.4616354193,525510.9789556641,525351.1741141503,531227.5043140147,535810.6302219807,542845.9841032522,549092.3384034911,554817.2421836654,559139.083628128,563416.0423478942,571822.9643865871,577501.3753953448,581537.6148065459,586468.7084934153,591760.5562535266,596403.3285953524,598537.7874598319,601964.8961393674,612492.6591806699,618912.9854792709,619706.4300267558,621537.7789646527,623125.6591565504,627300.3166019609,631373.4418786659,635162.6529623524,639222.5796125398,647314.4860150168
19,Iowa,IA,160129.7162162162,158272.2972972973,146132.97008470973,145951.35340703843,146023.36359709487,146371.7005718418,146959.0993520099,147242.6641761203,147415.5676274133,146676.99384526722,146358.6348086841,146343.16052643742,146497.30278955607,146306.4352916674,146244.55624421337,146256.7607312122,146365.98453084327,146395.01771544942,146577.68310027686,146966.00404394942,147340.90437289566,147940.17066902266,148991.32026273583,150406.45898050687,151469.0821409604,152393.1023085352,153404.44729454792,154635.4020035469,155749.52479228872,156347.64479374955,156961.2659012109,157019.59072066782,157304.16991479733,157701.40495810713,157960.34711639327,157908.62007471966,158138.11370011355,158167.95718739016,158015.38992534493,158230.92587606737,158082.90148001027,158274.61369655398,158761.5255866941,159611.72252840895,160605.25567082304,161591.83982863234,162810.4168892857,164134.3132270607,165726.1030978594,167775.51849887794,170543.37138584038,172290.3499339139,173878.3530413775,175800.87364999822,176583.48586822438,177702.96710588547,178772.99002690875,179707.97716088954,180223.02931769105,181167.32931649324,181320.47224079567,181827.4015041166,182084.84241697693,182489.79616815475,182802.07513257067,183256.09397717423,184060.44697473836,184368.55237674195,185051.27048968722,185761.95614046173,187262.563201271,188494.44018605308,189400.94256846292,189562.23419481804,189349.0259296768,189303.03457946144,189490.47755634494,189523.0724511797,189474.65076700735,189360.46519501615,189328.16695926452,189342.46853485386
16,Idaho,ID,202951.8448275862,197771.33333333334,170616.33495765267,169372.9069197003,168385.98924249547,168507.41990308196,169122.1944921594,169681.56604791255,169994.48582318085,170458.4277463097,170200.79794183158,170191.66971080887,170164.39309468004,170073.75078160645,170010.900290693,169986.79604040147,169583.29522507833,168823.18757954228,167534.9500722898,166332.01867695092,166102.62236053718,166672.73117827444,167959.10687304713,170306.99918139254,173148.2273721227,175117.2135145415,176505.87189352076,177254.23794849508,178033.54439606026,178164.62062737634,177821.69952122853,178560.03328999624,179137.99734220348,179952.32945932398,181158.83972217795,183096.45228082972,184523.3317590812,185583.61912319032,185940.49749237244,186001.95306625348,185867.3719528618,185711.0447514492,185507.00729501975,185602.21722449042,186837.10979898917,188707.69828155971,191371.2811474331,195486.237998199,198708.45063816945,199763.00102004208,200941.99805907908,202331.55010038984,203496.54382223546,204271.80753829406,205441.57687600626,206944.32782317922,208745.3559174648,211364.75761809936,214517.6090775806,217623.54413259876,220157.7762074443,222473.7117130137,224068.3257150359,224867.2756358152,226273.83078541915,228023.08133652655,229049.3620217343,230213.02597864042,231286.46737523048,232286.76279121853,234312.7326167606,232960.99694811716,233459.4778523867,233400.33527116253,233610.81979752152,233916.00882778212,234142.42698316925,235376.67490495247,237001.81699342225,238561.3877835293,240838.23247607547,243797.0990791564
17,Illinois,IL,246454.66287878787,245067.48295454544,194524.78172120644,192806.5524548054,191719.46236423866,191186.7799843232,191350.49757194446,191500.10754207752,192104.57048644839,192699.73327947987,192746.20004050166,192473.6078704775,191885.96190602207,191691.63727480808,191469.9501351018,191945.7605939548,192901.81343557592,193913.9715660721,194254.40243899025,193272.38264064057,191711.04181164494,190297.44377089775,189763.52341358573,189654.87096768766,189399.18513270386,189521.64347253187,189918.8715625658,190396.94209390396,190747.55385533153,191047.37326695753,191689.33410968838,192313.73047961434,193535.4464537161,195369.23771966284,198233.81629456015,201695.13495404765,205068.2207626771,208289.60551533115,210564.72604280114,212003.1978368162,213148.4569182554,213274.78623187073,213861.00931020838,214219.31321157853,214414.00153791416,215250.90208598576,217011.76365297072,219128.1473368436,220994.67034018977,221829.93592542247,222280.20338157372,222204.23925712728,222245.55837241383,222361.33761468678,222372.51392026883,222361.25309867493,222518.07456844166,223619.83844871874,225484.68685523295,228158.66177095575,230870.76103283677,230845.36851273023,230706.0505591867,230592.53719227505,230586.72279519064,230512.77581675764,230345.82842616903,230052.84310054377,229977.2559057904,230325.2542837767,231677.6645319693,233290.5041249191,234097.49327005254,234266.5403465019,233910.91395433285,233649.51935814007,233720.65685460131,233696.13858668468,233702.96150836916,233707.1046284381,233839.3924435881,234377.53528369332
18,Indiana,IN,147738.60476190477,146495.61904761905,137498.92049317833,137152.7987247541,136792.35238398594,136820.70755025974,136828.69879157594,136884.54983557336,137090.47386021097,137376.6603647671,137282.56509081504,137185.6184882947,137041.29867578615,136913.97917410545,136663.96407502418,136546.5589067581,136629.3523963348,136820.57182636502,136091.0626828917,134932.9386613398,134085.52738948073,133419.7973822253,133258.21081717737,133215.99526285994,133420.08380248272,133593.9521080776,133831.21522261883,134144.33013298307,134442.11646167017,134697.8702769774,134749.842740483,135061.0817444021,135390.67836987745,136138.34591589807,137428.91728859386,139074.48639584635,140981.73279519603,142756.31867391418,143653.6257655667,144133.51569230124,144550.42079470638,144679.08899104618,144765.56318250965,144907.77915995073,145239.478249735,146052.28311019376,147119.05919073548,148341.56375866642,149852.68310500268,150901.65141015474,151229.14153508627,151590.3901295301,151677.30321260288,151743.55048814713,151625.0342636825,151407.36018300446,151568.05773292115,151650.71159710377,152419.2045388842,153038.9690408088,153871.47743903764,154348.10845065175,154618.25641827707,154886.6546718991,155230.0583241101,155467.6119290546,155721.39975407318,155762.21641171395,155972.09429762993,156450.81290499348,157541.96173527537,159083.63734663383,161031.1641695734,162706.5566769182,163942.23923741071,164919.40450134888,165706.79969907037,165978.57407073004,166059.36185513219,166218.30092123573,166545.84397799088,167414.5180658532
20,Kansas,KS,191686.95,191109.4,172124.90696630182,171699.80379268873,171809.22935507933,171803.4200298536,172016.1063437623,172001.78482955557,171818.6069883623,171806.80243410144,171534.13071835274,171053.83962154048,170428.97307399893,170168.666525824,169464.1299847507,169251.62173800863,169340.39035977828,169465.09899258788,169648.41884555726,169885.23724292047,169494.7888698614,169074.6641724161,168483.49428713328,168107.2914692988,168094.7753058299,168248.8103751167,168384.73469577258,168475.36473861145,167553.30351235773,166748.5847907816,166564.02649967573,166790.955750681,167548.20953648782,168638.75420793908,170443.13707933956,172382.8746688751,173749.50964558576,175184.5827938659,176001.40579643275,176937.24676974854,177721.5051072069,178322.71602083487,178499.30944783488,178738.71784928572,179700.6065831577,181183.126824038,183165.13471244118,184906.6871004362,184855.87478185009,184752.36693930125,184562.84516589248,184562.99166555033,184495.29195310597,184454.3792779225,184322.95706438043,184592.8357328255,184912.77838655334,185336.4648029716,186188.5340861483,186606.22427739578,187015.66046625175,186941.29275521092,186843.61653605476,186406.18019772746,186010.70121297752,186058.73407179955,185735.83758545038,185352.4125528331,185792.30520553756,186496.4402292854,187579.52335186492,187774.72925170735,188584.60240826744,188973.27932691373,189090.31574968944,189828.85210401897,190229.8844190778,191065.90400283516,192107.79042208995,192624.97076413018,193344.543017034,194496.75246305688
21,Kentucky,KY,164869.62337662338,163763.24025974027,151440.59234951524,151200.27117096743,150886.70595403123,150914.14511906222,150937.63985085246,150892.21792160897,150796.5510282755,150607.75116148026,150240.81750357518,149948.27331656456,149626.2075294764,149340.283978428,148881.90374425054,148762.9565181637,148661.54377126155,148911.25482751595,149275.61324498965,149492.94095143687,149244.47761193343,148814.75537253477,148652.10910838828,148353.41777152658,148252.0163918715,148222.7391032307,148312.27209249052,148436.92673644287,148463.8031793096,148438.6776426261,148105.97532601547,147936.55644931988,147810.13577655083,148015.54407364258,148783.55351824441,150017.8659484384,151581.06629833762,152277.72582015733,153044.01850525552,153692.66964608646,154230.46296234627,154638.87797019607,155114.23755534922,155250.83806038718,155534.9705151755,155998.81288172142,157109.0503578905,158501.0230234304,159749.41385416983,160634.07031583835,160833.9627189659,160982.0777503969,161013.05279554086,161069.02354019048,160889.50408638947,160876.38899790746,160939.83362980865,161255.11107761503,161846.96316891589,162795.70307997736,163931.99760044244,165187.94665261725,165841.28534298934,166259.85999049514,166518.81009484606,166432.24464983714,166251.8759974643,166216.42081254648,166605.7543435977,167151.3882934238,167861.65717343695,168817.73369471324,170498.44805606842,172074.3195050046,172839.41638330123,173674.01320882107,174085.64289786585,174250.13555588454,174281.03403723185,174183.33874026692,174115.12134525538,174600.56994717795
22,Louisiana,LA,180955.89705882352,181282.47101449277,167964.62054757547,167266.26202500617,166935.202739139,166978.70111238983,167300.80403225982,167672.57273287766,167981.66761206728,168283.78484760626,168263.64526788163,168268.94048249978,168254.1067701342,168315.6432631468,168188.59661244,168126.588692031,167331.4642107044,166405.9224697642,165295.8326934317,164220.27457760944,163520.2336477139,163537.74421498962,164099.69921484953,164715.24452162176,165521.9866984347,166487.94207846414,167330.7099889697,168366.31779276443,169396.86582740015,170586.35510861196,172223.1620973649,173674.0472850617,175587.81433283334,177709.52945714377,179421.87722540664,181444.44578290486,182676.993672394,183508.47827746934,184027.30487977795,184214.50105700095,184180.70516883483,184172.11656338125,184248.72874886217,183346.6268428465,182847.274209698,182815.68810325314,182649.84867665733,182796.75499661014,183103.52613770487,183512.61646115838,184008.18465878427,184306.76193775286,184118.8091640315,184310.8845417654,183888.67375633414,183588.79615557517,183734.0593236746,184402.40113346427,186094.961368886,188130.71975520407,190064.64632439875,192154.49231493336,194325.74109018387,195649.7832251418,196962.70129674234,198282.05395870729,199458.25317287832,200540.1789875009,201904.1418758562,203388.20077933942,205150.51110381327,207028.03287113147,208238.51008102193,209122.35508531064,209110.66719007326,208986.43060732484,209107.2877629932,209101.67031808489,209156.98011500365,209086.80423160663,209132.59317121631,209154.9113108083
25,Massachusetts,MA,359035.4105960265,358504.4900662252,321721.6350004997,320130.36515795323,319056.9161169847,318786.2457680226,319460.67112090706,320371.47585966176,320671.4178823921,320694.23897741915,320652.8648955232,320481.1918052345,320449.9467377988,320222.7856045745,320208.3918345279,320140.04022794677,318315.19231168285,315910.9269360097,313855.164969053,311672.4422419211,310037.55235525727,310283.0529703905,312408.73309025157,315120.8075088497,318678.4535164786,321863.65813001286,324754.92387788533,326844.8801210312,328644.3882778377,331093.0567655894,334531.60832753446,337666.41620435927,341451.3579315864,345870.2480390306,352249.5163318123,359916.0094455434,364495.3381587038,367813.69600459316,370697.50276167854,372197.2442716592,372943.95349490177,373418.0786568412,374639.7984271119,375291.93362441193,377213.9520561702,378871.48854273884,381032.856942164,383356.6683647269,384499.4768493601,386078.10524970776,387660.98286910995,389326.9166717364,390776.0645450767,391904.94308622327,393249.40037961944,394790.8979941154,397419.27688029734,399798.43583404314,401301.52670729515,403422.6012373331,405528.3373230884,406734.93188919773,408421.12263510836,409149.3015723368,410807.4834553053,413192.843785443,415690.582162327,419564.4426169794,423067.73071124905,426902.9671437953,431114.22703674645,435230.16117351217,439704.8434970921,443225.934207195,446456.31765595364,449849.13220207585,453757.0128484525,457860.19460819854,459952.49002774997,463597.1251284543,466755.703709037,467768.59809368046
24,Maryland,MD,306465.4212598425,306032.6062992126,269598.1284740368,270476.0060631211,271656.3002786526,270169.97505533195,268557.54671462503,266658.111397759,264835.22774987016,263658.56919962243,263157.49536518205,263450.77429590735,264474.243666485,265476.86546675314,267220.3232148098,268492.17011224036,269809.45803650736,271224.76753418974,272681.70753089164,275152.0168201308,279249.20204818953,283843.94266836456,289547.88453548757,297398.7713270043,300825.63655063376,302336.3781124833,303908.2697634839,305121.0169650108,305925.85999317776,306315.7836140282,306657.37910956086,307223.0554832402,307717.2484945302,308895.84183804167,311995.25674264884,314043.10368075635,315653.6482838735,316313.3393319014,316083.4403440977,315859.16556616593,315930.70180394786,316399.07315512025,316932.36201873457,317567.291251097,318255.74795498664,319301.48734741355,320272.82143114216,321386.46016949776,322014.3201385283,321816.6668808367,321517.913361496,321603.9643018712,321825.4313648401,321891.4944491062,320114.20950274204,318651.62916185573,317569.8322174758,317460.0891432366,318152.1337028608,319224.05088360514,320110.81853256613,320298.35103872314,320608.37806197116,320944.5677412753,321017.3122201501,321455.3193258016,320992.03084185557,320952.19955844583,322105.90481575567,323643.77277130913,326169.34099833237,328958.64381757105,332734.3008171392,335526.9351795098,336474.9613225774,337277.85246921174,337985.857909915,338766.33420406625,339383.0211473641,340162.1020462996,340985.00008890376,342600.6259801217
23,Maine,ME,219954.27272727274,218471.9393939394,203278.73616092536,202556.46416138142,202027.9984864527,202018.7314461648,202001.42512537888,201841.4409039765,201746.32207512966,201631.8826937548,201472.5175443877,201336.84048848294,200337.3038191107,199670.31429011934,199041.22447565055,198154.52673937764,198196.72081850673,198029.72379184866,197966.2531942669,197976.05493552456,197981.75620969254,198012.34218705285,198014.18186414763,197990.17331719128,197919.11977980367,197799.71484755425,197634.1168057775,197361.9419137592,197316.91018639132,197114.1851904841,196689.12728719338,194891.84014103832,193515.00266164835,193155.43459768262,193332.23912268595,194088.57877379496,194123.25194878565,194543.0426025126,195166.46394578362,195571.81622673385,195510.72145410706,195790.50709646422,195992.71434282087,196533.08911148825,197307.76837480583,196508.2574737059,196909.1660897724,198684.14060127185,200770.90611538786,204171.47081505726,205707.91564507844,206381.10324109325,206943.1257346718,207642.32782012495,208298.84806679515,209645.18080693734,210386.0722819957,211258.73118562385,213308.09770716526,215401.47869664716,217572.82148168687,220951.3144689948,223987.61660145002,227162.77067069805,230214.3044030264,230318.18286217176,230478.62343328292,230991.26166111924,231136.3672274101,232163.51021832353,234022.00748224393,236335.00886969545,238962.4379321558,240678.8092813241,241358.32792745298,243053.2579265114,244017.05440127914,244826.5139445869,245322.38448850584,245481.2046538564,246351.83368727297,248082.8083084449
26,Michigan,MI,156929.24242424243,156447.0946969697,137399.13531575102,136982.59018927423,136805.83323963184,136837.73156554165,137138.9447149575,137528.11727538932,137810.71678930474,138147.31928156796,137998.63756193663,137913.04939308495,138039.0652863895,138222.38389431947,138421.97874311256,138426.6801026202,138228.02971226803,137233.64009021086,135858.17363375452,134346.0287868378,132850.9010780207,131504.7172255996,131311.2904163843,131674.59023826517,132670.05120751512,133873.9415145367,135323.84348549068,136769.60060687066,137981.23176863455,139079.51321339805,139720.67616191483,140496.88664642366,141792.99533036756,143718.71122637752,146587.82851973502,149669.9625159152,152819.80680381815,155082.55402744943,156865.70286558958,158175.61279048634,158750.54530210653,158695.51948840404,158857.77047587765,158875.4099777195,159416.4204202035,160421.22858498505,162366.17525312805,164879.96371639243,167756.93049674266,170140.9567792139,170719.25235809683,170904.3135048255,171015.11610882473,171101.7840433111,170679.4759443565,169750.59944668974,169195.49318243182,168925.44040075742,169190.47086439727,169821.6467539616,170137.91203720766,170378.54748287768,170739.40991614072,170939.31102164896,170966.42403476645,171038.97708197444,171402.26177520174,172018.1561229399,172967.19390504918,174311.45827992825,176395.95772564085,179210.53920193913,182399.16586580547,185145.6334860102,187004.16712043225,188033.50104680486,188791.00973650615,189427.35709582502,189779.25127148643,189938.2130287357,190454.50765847074,191543.60414387903
27,Minnesota,MN,206641.93827160494,203272.4814814815,166136.6736094733,165684.09550300264,166053.8710064657,166803.86439757003,168035.30665578906,169417.72896319153,170467.95911581488,170688.49905825235,170257.34613893216,169984.0075633871,169917.58638884136,169624.6745539233,169610.70519156655,169521.00551548685,169121.5932687812,167799.5270388093,165854.6875068815,163696.52315214142,162650.06723294305,162562.76402883828,163484.43469963595,165313.65165905323,167628.85440043622,169939.93076980583,172709.34025377105,175136.80871896463,177258.6948494633,178975.68486039952,180787.88763222596,182362.7420328855,184410.98124144372,186559.31684811754,189226.41200282332,192957.056725603,197006.52986784792,199898.91403772938,201965.10981947716,203168.65316647364,204323.94383918884,205414.61549091677,206597.04800058884,207340.01722035528,208867.41952207056,211119.52330543209,214395.69652553665,219008.70518441786,223422.77264528858,227218.76455443224,230580.13968006993,232368.48462715943,233994.04204246346,235708.87624302454,236413.90527255205,237147.30772232212,238528.52061403534,240324.9470039161,242756.78106610602,245145.48894809242,246870.8366797849,248255.33198987832,249597.97924106885,249838.34430406004,248898.27369377494,248218.25921277114,248049.8690636686,247881.71346617313,248228.1245170668,249221.4904995106,250752.35621504838,252119.1777571868,253504.81560627723,254900.70041087695,255744.13540963572,256949.55085687255,257936.27570517134,259228.45910759477,261134.93650434527,263509.6138905193,265318.14957913477,267768.0485481639
29,Missouri,MO,170051.61983471076,168855.37398373985,149916.25904313792,149674.4533664604,149431.19844060607,149169.00522268956,149299.73261240238,149436.4453696496,149343.48500377583,149081.131970505,148580.021816482,147971.35739015025,147243.27729205988,146848.70845754948,146421.12153099457,146219.40983784368,146470.52507708606,146913.40645201883,147254.7703806209,146948.58497854084,146743.65535512147,146626.72730410213,146485.96588263527,146327.68084428538,145756.55257928403,145541.90167635278,145395.15589060905,145342.89824762617,145308.41545650197,145356.75251109333,145322.9836643784,145226.80203565134,145542.67482529947,146217.9532981774,147458.84532486473,148930.1895125963,150588.6920667609,152000.44552291138,152986.43575629353,153681.8799175209,154512.3753556093,155588.89644011934,156546.02744045752,157568.6048266826,158032.61516377263,158930.81472104264,160160.38421101889,161555.78262203684,162816.8814104387,163854.02757513244,164503.0564679284,164657.151582771,164662.68050270327,164841.5660000074,165139.34321922663,165399.7245994135,166239.28014043,167168.07513680006,168398.32429317283,170247.8909184431,171671.3268654606,172615.02969814945,173005.48259137152,173292.80082437705,173562.920929976,173925.04028678153,173853.46240236796,173554.05016890552,173628.46662788803,174102.47705466638,174974.24383410596,175892.89157196725,176897.9804647725,177752.46182070943,178221.27126616542,178599.25480651457,179067.84576613703,179482.91792015423,179720.53548231584,180182.999812617,180815.25730107236,181616.65176911245
28,Mississippi,MS,162598.41666666666,161980.95238095237,152642.9303959139,151823.2832303623,150940.12242103548,150449.77181829917,149702.60248196966,149139.036699307,148828.51225894754,148374.97115015425,147895.96396329996,147400.7357932712,147007.38778172035,146484.3857421137,145842.57463572078,145732.1747017491,145797.12006605213,146313.1866246019,146643.45587559714,146907.91793252763,146840.23820167806,146578.17891173062,146319.65819543248,146080.2314249385,146151.76466863474,146218.59260835117,146450.96152335443,146703.89378849562,146820.91901411535,147086.15197718987,147328.77097444327,147695.63517807933,148140.1187267766,148867.94296984733,150062.48360967968,151032.14743887438,152282.6952066951,153236.44118506872,153374.21278750474,153423.86792600306,153628.57806947027,153782.2390878023,153794.87198169317,153689.94238853594,153743.24328843862,153964.71306096183,154552.35784818997,155399.99131961772,156313.87174063726,157112.37776252773,157651.73397486648,158036.26278699914,158297.27256051445,158629.61733973358,158777.53777554416,159146.1488802086,159434.5210046359,159452.09567002452,159932.08698096283,160336.43737008507,160778.923192287,161133.5798862441,161404.68041623654,161313.56393863336,160906.32396470607,160430.89760285296,159846.94443304997,159464.44236773165,159228.07061700086,159343.36359496543,159743.1936661961,160546.4577166777,161647.68930035923,162704.068907779,164008.7392624561,164871.58557487,165804.85158187532,166244.02322212988,167003.35151429172,168106.57055588256,168938.80124835274,169791.52265968444
30,Montana,MT,256400.0,254031.25,235375.9953650948,232086.2874096454,229614.91199510873,227176.17252692228,225523.18447141894,224333.65219487037,223522.0744326482,222853.38319390017,222229.0594391908,221263.74845653522,220289.27876776972,219110.0755167787,218265.81829179858,218142.56807737437,219269.6255331461,219992.7406307421,220141.6627312914,219344.06275373808,218527.6360238741,217497.53738502186,216733.5358962777,215650.98943937058,214920.9053476965,215008.4569984689,215975.2992903993,216959.59784989047,217787.07385024463,218629.3419477736,219824.30615791536,221711.54064270091,223720.32759022957,226748.206851165,230963.27459386026,235721.20647885816,237979.306116732,240915.77254047128,243356.01297002193,244706.59228766162,246865.10171761038,249187.40369715923,251612.41433097524,251721.1644742537,252089.74039085177,252802.8513076426,255403.41744726463,257169.55204327116,258578.83682562766,259688.1817230978,260876.81126161187,262629.6657172957,263558.5150805043,264210.4683321953,265600.3896633635,266626.0741844458,267670.2327061329,268348.3062849215,270094.46207818395,271171.44149521034,273263.70676652127,275812.11595570616,278985.38069135626,279143.6298880496,279825.5323200434,280617.3955013106,280957.9947057148,280892.51310200663,280722.20230102225,280004.1769116738,279914.91036059405,279068.8986002004,278878.01257478027,278338.692348331,278190.69611961907,278013.6290518586,278052.7278561167,278185.776182041,278682.7477821862,279077.08894587395,279541.7884442594,281165.06260236347
37,North Carolina,NC,233005.38938053098,230415.51321585904,202756.94642368355,202206.45727528504,201654.8431341164,201381.94490542065,200996.6085656638,200785.26441129966,200678.51291186956,200687.56646426005,200242.45377574654,199729.01756802615,199288.1066057839,199113.812109474,199137.1251240413,199641.04187372743,200174.94255245323,200209.4191958569,199734.41663460137,198793.49566260882,197766.32748706086,197043.9048492937,196636.64347686627,196491.94954029203,196627.58545858262,196836.2307829446,197292.64244330526,197786.47468204657,198448.4279423008,199397.40837855637,200559.1042486059,201874.0936320672,203556.76536306273,205439.12345178187,207412.11941505413,209212.45525122163,210674.31217846335,211944.89192963063,212775.15077026968,213328.08066779014,213451.29680209473,213842.20416546077,213811.38534097344,213757.85337325447,213700.67756388083,214251.23088709827,215010.8667802589,215757.96799725905,216506.68207197523,217274.09715306078,218006.61132243433,218528.02881622894,219387.03182837306,220174.66489536743,220696.88202582626,221207.97323027675,222179.77030803965,223600.53487962313,225124.45474253624,227130.71652128437,228900.56336253285,231379.42445003957,233419.9464080615,235139.25278874158,236516.69713097627,238001.48974781114,239207.92169206342,240444.5460291679,241638.2153209442,242801.76503365173,244545.1084536453,246337.63013844524,248706.39530054704,250195.22188011743,250993.40362256096,251423.77102189316,251862.22216047015,252281.20009687933,252617.5853692017,253020.96521946046,253549.69192877447,254427.73116670517
38,North Dakota,ND,177030.0,176120.0,165615.26250644136,165783.93131538198,166290.7882303584,166451.51042283856,167225.4231537988,166786.63046547552,166087.91723909517,165874.33090509704,166491.66163341224,167553.89898813836,167389.90457478975,167551.77593585144,167559.01679075212,167484.00754052456,167377.12372945115,167865.35934180924,165356.99123574933,163477.15291956608,160996.8025031891,159168.06955253586,157673.14253603335,157639.65827888533,159265.93253710543,161524.99457039183,163669.03246637277,165452.82703323686,166966.51252749944,168747.15385965887,170850.26976774097,173435.93358094906,173860.3048706188,176025.94454225423,179005.5599819605,182993.65878142405,188213.31837042276,195664.34090503334,198431.52660777455,202048.67122283473,204196.79732608283,206029.36410062367,206660.293670225,207386.23343154433,209599.72161922802,212904.09688766315,217299.75981360194,221812.79504865233,225904.5033882291,230009.76865943204,235067.63711685644,238869.51384112195,239069.99930051167,239582.91020704203,239499.10255347585,239319.51940429365,239322.7310061138,239340.7107514145,238846.67707845964,238642.88122767047,238118.2596052683,237161.42562934663,235298.81909567225,233775.6797856498,233826.52918340126,233990.9784947122,234275.2683467304,235403.49956436877,235992.47771630203,235134.25170271727,233996.01616605313,232541.63868582615,230575.20424718983,229167.5763231164,227586.92825482145,227166.98096791608,226494.9235294182,226275.54544504196,226717.7469025754,226916.77301393636,227036.6953452481,227024.4632582946
31,Nebraska,NE,160519.11764705883,160344.11764705883,152664.62215241152,152775.0123428943,153156.20518066178,153391.15961554632,153422.5606169701,153355.93131064303,153306.747067431,153227.5610329761,152871.4550530404,152696.91237504693,152685.5639096541,152787.58296642627,153071.56980805486,153265.09517135934,153210.42903458423,152950.27397783962,151871.87422547126,150955.47471005446,150493.8371993681,150561.5375703466,150757.97133822687,150871.10907288612,150944.3247524391,151217.6168598082,150910.6132575659,150768.19475018594,150800.49936323485,150376.64618304465,150840.0911234037,151465.2662394136,152069.10831843692,151987.9113820771,152421.83551674942,153473.82288428006,154703.26065565913,156081.42940530487,156895.933629787,157896.04276080598,158974.32917484816,160668.1127770315,162404.58478240992,164637.96884585803,167209.68133824551,170311.76591474417,173296.58391257375,176636.80785350784,180729.01654285434,183874.3966544883,186385.14362147683,188772.98498693292,190885.58731046921,191437.41960529517,191327.23669925495,191269.89503384422,191762.037692373,192265.69728057002,192715.0883726229,193195.9836266829,193243.45807512692,193365.5461372509,193093.66838534802,192635.92488952112,191206.93091699263,191624.49117471094,191617.36442849447,191846.98691982575,192929.61252569032,194314.8610237343,195339.66508278638,197090.24268805393,198983.79073391983,199803.69736289448,200149.94465549054,200264.8128593298,200819.33664445198,201336.73296194695,202039.11373203204,202713.0836668383,203326.60575498504,203882.92596299606
33,New Hampshire,NH,254504.8780487805,249657.5,222514.49395296045,220950.40518870798,219641.57497561333,219260.66872974028,219386.8644178147,219507.8360975919,220235.71908956725,220847.46330284665,220899.8260088412,220687.6499316231,220545.11094025208,220342.36584198358,220417.9605258434,221066.46839952114,221535.0889205619,220866.4872685933,218701.53334833187,216487.80396393748,215337.77625299376,215002.08108403106,215415.77050433375,216114.4737726281,217316.7697764717,218497.51902101576,219582.95606276314,220607.45522712747,221433.53150480738,222392.1791356519,223555.67342368534,224975.08248440144,226477.79669652483,228590.41388413316,231312.3669138867,234341.89099152034,237721.99544317357,238533.4313814773,238869.33656526016,238761.59582635324,238825.09055000622,238964.91435034163,238879.863753464,237046.42213542195,235985.11794978371,236060.22607918736,236354.6716288915,237199.61300212477,239891.62886098764,241721.71552413589,243745.67274872103,244987.512651676,246084.51071702896,246871.42969433928,247899.61441712233,249092.32467258687,250523.71002619283,251353.55755214804,253683.5480812003,255905.2541330537,258600.41127163143,261828.06840052071,263613.98667366354,263426.5121427551,262340.40378065035,261817.64182129735,261503.97214904323,261605.40071108082,262499.8848991777,263697.5265382014,265687.3124447472,268604.29545393825,271577.73249970266,273994.6356174888,276363.72766877245,278312.0208810662,280181.17443819006,281573.09517408465,283377.47201476875,285428.4111879761,287963.90820021584,291155.43027509085
34,New Jersey,NJ,372009.44604316546,368960.770609319,316355.8388325388,313724.2245556068,311916.5844116484,310775.64402340114,310205.7421706575,309923.53320115374,309517.61892786814,309508.2217848769,309401.9831603303,309733.05825340434,309895.5012701263,310663.317331055,311296.78791987733,312522.5500701226,313902.62478404713,315413.5848109076,315282.5697283272,313563.7300509276,311128.2805308384,309849.7061101625,309426.3091502516,309429.30486175336,309674.90118483204,310207.75798033684,310769.4335772736,311279.11310885183,311514.7601846356,311583.8568104062,307647.1142114466,305655.4052452114,304812.9885431368,305836.26106221444,308141.7542711259,311102.3904836984,314558.8963273927,317390.06919052266,319544.2404471558,321645.0567416726,323252.0079044439,324864.50153532566,327144.0218470255,329895.013042733,333221.7247333606,338358.06357334874,344904.9325919924,353032.510605811,359781.6766179255,366812.43311797635,367444.0312136308,368142.99898596935,368298.07381197455,369043.97224838083,370019.481783184,370855.15951281885,372439.45135897317,373057.61990154814,374635.6094748173,377448.0871596172,380055.0572008929,381313.1525226806,382046.96313015657,382821.6542248997,383378.09206142725,383687.44935738173,383938.1543120661,383166.93777737283,382510.9382903944,382100.2564635943,382776.818174306,383588.81428018876,384281.4767803538,384857.2319509286,385104.00294822326,385359.04890238435,385581.9221191664,385733.0836661353,385955.2979847149,387056.1633973997,388446.9693209741,390445.60483088007
35,New Mexico,NM,277682.9888888889,278148.0888888889,226708.94098790997,225282.742175149,223976.33534126388,223349.64590455222,223775.3408981315,224041.83272350574,224258.88349671985,224427.75969653387,224227.04009306742,223576.74738154013,222836.67787874627,222617.69280652696,222315.19150714518,222326.2153495798,222842.28144771676,223712.33097102708,224219.0409711234,224913.50094025646,225452.19928676845,225476.61874690664,225414.69768835895,225412.50563071013,225374.40746420634,225463.20251670928,225442.1119644931,225428.9416304129,225182.489400724,225182.2850706397,225311.53595098382,225816.95747253214,226530.5471192334,227121.0687595225,227828.65263205036,228191.43767829213,227934.49070490018,227694.17680198938,227723.04109361116,228244.115925403,228376.82043367822,228230.56796085398,228200.94696332124,227915.47035629436,227874.77916057364,227802.57503748348,227719.66417247683,227883.60673026275,228586.34124827947,228680.14585957368,228353.81993246413,228057.81161954085,227924.24867565147,227927.42872660168,227988.2629859046,228015.44720090256,228493.02546340786,228956.80826234835,229222.7927937436,229567.93700965313,229682.23530099978,229826.95928814047,229977.6922159209,230009.67943641607,230004.23735809766,229791.9280865371,229442.58588260182,228875.90590863803,228642.02387535834,228711.41750381913,229360.37325135918,230537.6430353843,231840.5119210448,232420.14980445406,233073.55862577326,233520.500834173,233820.07820090404,234160.35839349535,234625.46797811132,234957.11565923478,235241.49968985753,236155.99250248846
32,Nevada,NV,221531.47916666666,221680.35714285713,172032.4052489734,171806.13567665158,171878.99302321253,172500.108581582,173382.32033827662,174829.54448815875,176020.18824794347,176991.1145874073,177091.56372910354,176714.1362427712,175831.67818818975,175198.01466997556,174158.70405386633,172743.01823411317,172188.99286566515,170645.0799687492,169426.68877531076,168247.22831902714,167645.10877865186,168013.69488609704,168980.18204385808,170257.67921006656,172760.8229259759,175368.74268177105,178829.56923093356,182386.4987713805,185465.6207439059,189036.61259271257,192676.81438763047,196639.11962802015,200376.92298460234,204972.07283707787,209088.72562774917,212542.2640845737,217202.77662204596,219715.32867080125,221574.6684817304,222469.7694120224,222675.48801556847,222702.88828844647,221825.08908749628,220154.6578452396,219263.71938800838,218501.36873306704,218878.25225486144,221358.22630518692,224632.05186008845,227817.1619205999,230148.45841968432,231980.55480021375,233635.1340304696,235393.80519359236,237190.3110846548,239281.17202389624,241518.1775587907,244002.08787545608,246499.60346789425,249048.63861954946,251833.26218470905,254689.2864866627,256468.62214308832,257305.84602053522,258387.569668336,259286.94175120408,259991.48558731563,261339.15589082052,261919.14563124214,262640.54085296753,263591.5506981402,264704.64308165625,266243.29217179987,268005.8886638899,269798.655213808,271552.9427584772,273184.2721578313,274987.34334660706,277089.409624694,279595.4611255051,282840.51954871044,286290.59955261246
36,New York,NY,348140.8955479452,346546.4948979592,329807.32185615937,329928.57678776194,329931.9805716806,329869.07392321626,327184.6389841867,325728.1921236002,325243.2507202142,325233.1349104076,325878.5724888456,327148.8729650386,329028.2929732351,330122.57324926875,331456.91868125176,331464.2288785013,331611.89010215836,331742.5621885816,332340.2379184108,332913.79423015437,334894.07986027555,337589.1600700952,340637.0494065456,342071.81519882585,344305.30182237516,345820.30980296986,343609.798375813,342204.08675999154,341076.12494019215,340931.8018769109,341020.6766877936,341741.98442653834,343144.24445120315,344299.18793779245,345967.04354526725,348030.97679330973,349750.76743889693,351459.3105364938,353669.97495286685,355487.860558454,358519.2813431999,360466.1852931252,362503.9503815065,364877.35859490343,367323.37815525563,370268.20462661877,372233.53590285656,374501.2408867829,376919.8167832893,380360.9102757384,383689.1927261936,387508.44962824974,391991.2301574183,394540.9610492106,397706.05448684125,400376.1317957763,403290.8312649798,406537.8418653037,410202.01935357193,414398.56731636246,420079.96506335895,423666.09547870373,428070.6541723592,432618.59180679376,436094.87877868966,440207.3053041148,444600.43243221595,448855.40287851996,453990.9540760486,459794.965184152,465749.95460327104,472014.6274966527,478289.47878391,482513.9985532104,485328.5978238398,487376.4826086833,490277.69849766744,492710.69347454264,494341.8243060958,494627.5263282021,494959.7341408331,495779.7598110141
39,Ohio,OH,149061.1783919598,149577.4278606965,135949.73654195428,135824.28466550904,135731.25400613563,135736.5942746948,136060.5790890109,136363.12977827957,136561.6155416269,136630.82968699172,136687.7288826138,137027.30952895817,137606.50242808642,137546.4588177466,137207.44158261383,137097.39022157234,137278.86186519236,137469.0105284327,137431.5355925056,136860.41800862327,135998.7323308834,135455.65151138202,135206.01196384022,135103.81210919147,135313.2042061797,135668.4866326752,136002.06052063266,136300.9260677388,136511.59697007324,136702.94444861144,136645.539438867,136697.90445881465,136773.95132727615,137199.14780862513,138191.4664212344,139587.8768350057,141038.59993827125,142243.85017480998,143213.04731920932,143834.46662967963,144113.01743746104,144372.68108446588,144595.03316282397,144410.66596131047,144430.47971102563,144903.69186042395,145879.08972129328,147148.4468601518,148716.1605695194,150017.3358715966,150935.49886879837,151376.30070460218,151648.18240252032,151957.59089500774,151987.65100754227,152237.28742219938,152961.08942791043,153732.4227963923,155144.9961338198,156654.9894504908,158026.5663083095,159323.03401988806,160456.67900571277,160988.46982976916,161405.00818967618,161571.51957711487,161478.4497371572,161340.6242076038,161499.23448139054,161966.83733802915,162968.96977987123,163724.5164544834,164633.13482256248,165494.18667721428,165902.53962213662,166146.0261509872,166308.17289189523,166449.90613963772,166576.30877878476,166761.83793725108,166861.04452798824,167516.16863848132
40,Oklahoma,OK,149051.88028169013,148726.68309859154,144941.49531433533,144682.76043965167,144510.4907865471,144520.52857771568,144506.95104960667,144515.84969933445,144658.15999316072,144869.08424863333,144878.11675231816,144897.63214045612,145074.98768240836,145093.02758659955,145078.03612276356,145222.14165954382,145252.33356006924,145194.24281652807,145023.5290736369,144841.6037782179,144763.06390571612,144920.0251059403,145135.8503326669,145291.29484521493,145553.61377526572,145414.06706239507,145656.41052791843,145675.61310278636,145663.87091110775,145861.18300761396,146070.99682279342,145969.21694917147,145833.38182078057,146080.24327497624,146634.14757525313,147474.9490310045,148202.48707096503,149003.3582998205,149598.62965364227,150004.28283497188,150326.62262282782,150852.28923433635,151295.70337657235,151515.28212336358,151798.38323664165,152214.32452938793,153081.4863050618,153857.99690965362,154755.3729777531,155875.90010564745,156588.03835257198,156862.42308952438,156996.7525290552,157144.77620625496,157255.85244988184,156440.0897818231,155989.31135074727,156204.75410282888,156709.01668570942,156798.36232122718,156972.5894908335,157181.96683081076,157409.32129461734,157626.0963923264,157808.30782466158,158170.43912796944,158563.87294040766,159105.71440775276,159739.6676017946,160487.7776363041,161654.15989161667,163097.2396581167,164566.1380553175,166217.2843950632,167862.2999150639,167927.76817049526,167946.11374958695,168003.07843104386,167646.5175689215,167225.3610139472,166948.70009113287,166922.19909513366
41,Oregon,OR,271265.1462264151,268454.391509434,229690.299949882,227573.53106468267,226047.9022253993,225295.23804170708,225430.08375226814,225571.37055147588,226145.47267947794,226959.31994070948,227019.86272413284,227030.1444996905,227175.86369901017,227161.86211933184,227130.54637943447,227168.50182868922,227158.82622849868,226491.39113670532,224680.60066864925,222247.9920990481,219857.01364857063,218701.884158813,219291.31755025545,220623.3723730368,222664.4803753635,224844.71518983034,226901.12479399744,229100.82570578146,230897.9069683045,232535.88986475256,233922.76378490988,236250.46738849874,238635.09190363405,241747.85922746063,245988.76167149784,250989.30457291126,255792.461154068,259770.58254470723,262249.92263168475,263612.8814812994,264225.3681407701,264320.133528732,264591.84665958164,264366.9690820705,264378.67707138776,264862.98073497956,265731.2528178196,267924.09292020433,269251.10143642314,270312.2629839317,270944.8804434018,272171.2932039697,272607.4720243782,272382.8129846925,272209.11546835204,272714.3108542128,274126.1803566654,275953.0480029352,278558.2604165228,281542.2106607948,284833.9730404118,287665.7915358116,290228.1961926751,292348.0001477969,294739.4667764655,297607.92336829787,300386.0505682978,303137.4370058016,305993.37693108415,308869.6850074043,312863.4454570054,317369.9629980818,322024.2625743213,325886.07691453985,329114.75690194254,331876.33312317694,334154.37805172376,336009.8484158578,337760.933390489,339777.7338107311,342089.17437524506,344553.8590494638
42,Pennsylvania,PA,219971.89029535864,219601.8151260504,196394.41147350825,195850.3416836835,195496.35598159579,195599.7401095365,195955.9442926215,196302.1405885473,196438.6444120192,196256.2461669598,195951.2500050573,195336.36244355948,194690.5212773371,194417.3142602114,194470.85005280364,194859.31519890018,195219.38565185128,195549.21468760108,195587.29290557143,194895.5771321678,194227.8711769566,193958.9822424258,193845.6943701027,193847.14254623014,194093.53907379496,194142.8624282234,194189.36108935272,194303.15796213667,194453.98864668698,194743.33906667714,194999.00991660295,195404.1402634076,196582.29708532558,197674.88526060202,198719.24500797188,199925.63348503236,201167.45898276908,202068.31869490093,202834.4766997016,203128.35255731206,203347.85941329194,203677.86440578778,203952.64556789692,204172.29492977337,204823.81746574916,205553.734425939,206463.6440930391,207655.02315857672,209062.20602114385,210061.30382149093,210414.61686905878,210396.65380991946,210529.08803250577,210646.63240014238,210850.40392241065,211037.1766134253,211347.97158184636,211921.63832653902,212883.41597486567,213446.30753061234,214077.65502365693,214351.77163443505,214393.1544769354,214416.0661611192,214422.62404561517,214136.550492085,213143.91248936657,212347.2227747052,211856.48619859488,211559.6128242133,212050.4202672261,213005.9920655158,214067.48884651178,215018.41807148588,215766.6529638784,216399.51160654338,216743.00874838192,217178.8201782851,217880.03020560293,218260.89945410957,218868.2154545468,219777.4851169369
44,Rhode Island,RI,292440.4,281307.09722222225,251146.1430698859,251047.9566126545,250953.5944317601,250942.09256584998,250994.12400794792,250955.4707535118,251121.8196997234,251314.24064303283,252085.30859424014,253428.61422709143,255859.75758940887,258925.76984160897,262399.3889478592,267820.90276371664,268256.261212219,268666.67277124606,268113.56019751594,267703.7990572522,267104.656243991,267124.6643772403,267585.9707202592,268112.2862255717,269355.27012690745,270240.063881465,271201.0038036365,271795.13196886005,272282.2421718615,272689.46635433164,273347.93406164536,274062.01685964473,274997.0999488151,276253.6029875418,278930.958567242,281627.23831290955,283767.9923185484,285782.2478601531,286611.7091732362,287973.97429532005,288710.589145345,289346.2002697716,288762.20168242377,288542.62043271394,288241.41649738624,287031.0103342306,285792.48054331227,285566.1779175197,285103.7699092055,284916.9124371066,285192.9356509632,285303.22103795485,285349.06291002757,285260.90760830196,285429.0147955227,285304.46107422083,285936.6529694526,286617.2093956581,287435.62503530184,288564.52113162604,289545.64910814527,291779.9037913284,295297.9755161347,297003.88007552293,298578.39563724713,299320.73366332764,296679.0925206245,293693.2054480438,290909.3063726647,289897.7033481272,290566.01742657495,292492.4941383569,294142.7307901374,296154.6187658468,298520.94823698874,300632.8313937223,302699.09216074337,304271.3200526879,306116.2792417029,308804.2232022771,311632.96149621345,315462.9991108995
45,South Carolina,SC,218718.03370786516,215785.07303370786,189309.75049665335,189050.0457816398,189028.28818449524,188883.25684561138,188750.98014435376,189388.81649516657,190063.39562491924,190755.77870269117,190941.09967239317,190944.89670296275,190861.63633157682,190746.8791586501,190628.5169148289,190612.98729204753,190610.85559149503,190525.8573457213,189593.15499405187,188866.20425028508,188501.69126033102,188442.76591670574,188204.4030238682,187882.2141275877,187685.1519514709,187923.20400721373,188990.1493664411,189012.78345890492,189121.6957240403,189205.87539337523,189399.85095310555,190264.81199370083,191620.69249529947,193524.58772359104,196011.2549290244,198802.48054236552,201773.13689888365,204734.57263223038,206570.95256216355,208459.71402718054,210236.23370805063,211883.25740159123,213901.1878726729,214788.3168518694,215094.44511547554,215591.95140314096,216658.60578396756,218090.9613146509,219469.10293764225,219705.24140645942,219696.8155533916,219598.23174006463,219471.2877301609,219434.8609641077,219470.81527139244,219923.91611718832,220959.82059719405,221610.47782564,222935.98483035035,224467.11036564244,225463.88904270722,226791.09986145477,227859.36337722067,229158.1493257876,230567.75796341736,231777.6749770414,231490.44715072308,231478.04066335806,231354.47147452322,231200.78146146346,231920.73260943269,232449.26891658088,233209.0646080317,234148.68302494014,235093.0537870527,236740.80747772692,238170.3722377878,239741.33857312278,241801.6928148554,243615.99066849716,245352.10163365272,247661.99488974837
46,South Dakota,SD,182535.7142857143,178435.7142857143,162041.53402631322,161174.4340499376,160954.97700504502,160980.3676135743,161318.04377451993,161382.79294179264,161381.81517502238,161426.14299378573,161379.04454262336,161153.3387712478,160286.8424368645,159690.34981869816,158706.09032799868,158203.43023115216,158400.58104419403,158767.7346859252,158749.05773357066,158299.06007559545,157521.2080733139,156491.02296485275,156027.88459361592,155910.27502308405,155506.29931034308,155279.58275787227,155180.44019531435,155265.50578277532,155533.32394798694,154855.0818706555,155018.1497306501,155739.75726469865,156541.50030629168,157934.00316969413,159609.03072582505,161572.73869611425,163469.5795054621,165484.2833506004,167322.34238359798,169134.9344873371,170915.9567569622,172429.57001774054,174229.20579205954,175985.52304509952,177523.38498912245,178846.28284027727,181256.52098640997,184395.9937140441,189416.29008320003,191197.68486598073,193529.6042789283,195741.38940765764,196512.59646193485,196959.9439042406,196912.0611630107,196790.98311055804,196245.89347128064,196411.775304941,197066.56741755092,197825.5718228901,198879.5294317324,200143.45559100187,200941.58838324473,201504.61284743831,201553.27012287616,201312.54491606928,200776.8366260413,201011.46525121928,202166.86971098353,202952.4715328963,203870.02135623834,204663.00936817346,206090.97333562188,207016.6318125644,208053.58729719283,209215.25003809194,209561.22413215783,209920.17667331814,209852.06213672558,210244.98872378783,211062.61613801337,212236.59594348198
47,Tennessee,TN,200121.7276422764,198912.9674796748,179757.90842403113,179502.1906946501,179038.78418594156,178824.03286102242,178724.59232251588,178862.90451164046,179006.56960389361,179340.42402778365,179584.2822432647,179484.8991137879,179078.02641188938,179074.07561359063,179114.89775323746,179346.66082919747,179442.8112872461,179333.09272013945,178451.51274134443,177239.80503565285,176375.67864892312,175457.6984033376,174982.28985007555,174563.28953451366,174729.99498746873,174877.33169819164,175072.28157287635,175504.36834230283,176098.89277828415,176784.69256882984,177566.76423306152,178709.8023258698,180272.40663028305,181902.79999349912,183678.2553163579,185724.0441479131,187538.05212914664,189314.06354240034,190392.31939107555,190764.65798536644,191196.45619749755,191236.75896967007,191219.46442590572,190394.889113429,189842.02350567962,189956.46920528103,190380.34197518276,191167.99373895046,192563.601628408,193665.00138153846,194421.36547703945,195349.12758963302,196399.20301511782,197710.12082831655,198586.49967854968,199341.97878358135,200200.04611371033,201502.7967440479,202655.6763498259,203733.42524076987,205207.24403469375,206802.67012298963,208326.69671179133,209321.21568062127,210077.45889730228,211032.19777440463,212095.154057981,213211.59631404345,214590.9409022631,216070.94422576227,217639.47967367838,219510.76346078256,222022.51482075962,224257.77375225862,225604.78012796966,226608.97596018077,227429.76488791147,228185.3549105195,228411.32242557284,228731.26653894802,229112.48589440907,229898.71815903828
48,Texas,TX,192067.66176470587,191787.92533333335,181480.8158285734,181593.01606732502,181964.45917795142,182121.70870449374,182204.50247291243,182307.77990029566,182143.02025360268,181989.1963431978,181753.91069521868,181715.96177626186,181834.25669692876,181649.36770444468,181475.23658132233,181094.18848672928,180513.52355424414,179643.82344851395,178691.2588479153,178082.3895053917,177673.63688288708,177729.48048640037,178197.4180456775,178900.80419210996,179658.41898696643,180301.31263834937,180831.72167515315,181712.38922598175,182529.49556110875,183371.12563667994,184280.27155089812,185438.99045242803,187346.37812779943,189072.60678479777,190944.8203112857,192565.24572966163,194462.77724127698,196134.599501644,197362.3751011638,198506.29918353722,199746.1065133013,200838.7351677293,202402.41886187825,204545.85084602574,207176.44164177068,210203.7904988077,213358.36437583785,217094.55310429708,220611.70520010265,223745.82814482407,226427.0587509815,229106.70341499793,232780.17674529675,236169.03293516012,239283.28732994955,241715.20807891348,244623.40482826132,247961.8602070556,250844.74094561924,253267.91531152863,255480.61067524343,256399.20290940907,256831.49092525826,257440.40102514825,258566.78958341447,259687.07259267967,260826.23465565857,261848.82881225544,262563.8606417053,263182.0833280011,263261.8962607717,263494.362779966,264123.00748335756,264251.39693717187,264285.2489987806,264313.65277441824,264321.08674013626,264297.06968326523,264194.24178900884,264211.6922554634,264444.0177748579,265138.36893260235
49,Utah,UT,231227.99137931035,228632.60344827586,194218.1040037023,194663.45275914547,195239.61062822782,195896.0169661238,196896.06023749674,198162.93208621742,198890.9218676465,199719.55508745316,199224.04621006578,198485.34573712177,197326.60809321067,196113.7651497377,195102.97079492552,194219.85205395834,193769.3280724876,192734.61250232795,191991.10158115046,190646.74499292678,189576.57102996414,189208.9331652085,189423.0208135805,190826.34556404172,192938.96634484798,195289.78989183976,198014.85868841122,201115.17488030027,204369.76953861373,207934.72483579064,211448.98269205936,215082.85143575285,218649.6407236844,222122.33434877242,225566.37124651868,229253.90975913216,233315.91255178582,236538.79940206872,239282.64771132998,240620.671152411,241130.71034845186,241369.92421417765,240199.14643178083,239298.50155588423,239212.72658995332,239260.23297097624,240009.34969437576,241619.26717497775,238676.76842541085,237350.98125925142,236935.58096934197,236519.17288170112,237255.64706727298,238081.56430466118,240356.50037405902,243566.1890092673,247022.45660097548,252221.54925900765,257693.86158338562,263816.0176819754,269689.24693607324,276120.8401220323,281550.8879410294,286925.566628435,293156.9939089421,299674.5803021497,306930.9504204676,315863.64697993203,316830.48891581973,317615.45893740474,318907.68674518255,318943.1612950275,319462.7583853374,319124.480982332,319498.18032111344,320467.2365642962,321408.11613969586,323942.9524978786,326253.6055718143,329054.0356934361,331719.79544189776,334229.2689413255
51,Virginia,VA,302844.1015625,302087.6015625,276362.7701365879,276562.0164943159,277057.7598486212,277632.40234354074,278181.5052760484,278247.56586300227,277793.21709923097,277489.9183730121,277643.91014459863,278275.6031586357,279085.9136515308,279084.9397635039,279121.8073091705,278795.65836446005,278393.0941628255,277764.573933482,276649.16532857274,276319.5048599478,276321.52012678696,277029.3787808596,278882.9495802496,280767.01461323205,282475.32751528826,283980.08267423103,285208.0026115276,285891.71103277407,286435.4014272114,286877.52529172465,287633.45043808647,288918.045359799,290542.8622701484,292016.3701951821,294216.02893119643,296062.30373210536,297914.4600649687,299215.09313874046,299557.3558769662,299995.05880797165,300231.4207610611,300463.2195639322,301109.79756539245,301656.71882022085,302966.8216330073,303525.00603267585,304340.41396336124,304468.56333317654,304779.9428281518,304208.69114335574,303865.9924225906,304060.776456103,304075.0071013367,304130.53149261547,304011.11108866805,303581.7346514749,303404.31254693057,303564.40010686056,303982.3514029634,304562.8101931864,304871.9200715715,304926.3983439925,304931.48039907636,304886.051134657,304621.0623313516,303989.11863312527,301778.3873193819,300174.937198208,299764.6074181642,300440.8752443888,301634.90716036427,302681.18270004913,304102.4715812657,305040.3257537512,305741.6655432931,306261.42902704584,307009.78328514774,308188.46030140616,309457.98181687336,311011.50845475274,312885.32833965844,315035.276514258
50,Vermont,VT,239659.375,237740.625,222886.248459105,220487.35154616673,218872.06909435347,217183.77719321207,215531.4630716577,213942.30191351235,213874.73779758028,213018.73762651827,212469.21448870416,211566.11080451641,210997.86894980873,210379.6919908111,209269.6969826484,211878.3331558324,212767.69709005792,212753.56159001548,212809.8858460536,212370.3628713267,212218.0677614773,211410.83857184072,211213.6238781688,211121.07565155666,211053.64115395886,211032.57238905586,211478.68858529854,212064.7144740965,212362.51704266356,213435.47645482846,214705.51560240082,216533.24878908857,218780.15630853176,222555.4325412586,228794.1668741092,229513.96267488587,230161.83296336545,230409.656652745,230921.61213343224,230926.55325433108,231130.46030378275,231132.30548875744,231158.46456107323,231255.2656417265,231253.74069835787,231250.8394717118,231424.42356852678,231375.37537193098,231613.18960027184,231019.89718069544,230627.04572270237,230321.76415483264,230303.47092299,230640.1882303144,231044.79001657825,232046.15968258423,232867.9509167478,234232.326280111,235189.21922746417,236480.1991462052,237291.62448776717,238685.1215370761,239757.32606262877,241077.53591093153,241427.0025629156,241340.11821124153,241792.71486426573,242540.84560474352,241783.0049702929,240850.38349602395,240359.65543357783,239896.01987219555,240387.62441652943,241586.5701742152,242365.2905089608,243320.93542113854,244738.7419567615,246317.11976033167,248628.29937368716,250617.61630960242,252597.06601983964,254059.90347323805
53,Washington,WA,285896.696875,281653.6125,228769.88217668654,227143.70133787463,226139.58560730083,226018.81480644897,227168.8567389124,228832.18937490633,230494.99596002226,231841.10426972873,232443.465035811,232602.7607084818,232577.7915526243,232550.30699633903,232536.25720026938,232494.7735820761,232052.13951434573,230989.67582712165,229685.71566503026,227159.2367701936,225621.86247326335,225075.78716113028,226180.6111203011,228015.8633263767,230678.47088779707,233522.14782567605,235973.06948484472,237857.26014896494,239613.49799891285,240922.3570425468,242395.5326840749,244628.5361032873,246723.61240654264,249642.8477753981,253859.4392780533,258978.4797919851,263727.96033167513,267791.7053419721,271534.187786558,273144.1249214748,274377.6736597426,274837.3396032929,275055.8950677114,274816.06424714386,274859.1458152608,275415.1441351396,276769.4702891551,278873.81007046334,281227.55195849075,282586.80413272785,283815.06295010605,285227.41560334346,285643.5382766404,285844.97416909836,285817.340645613,285530.9606542656,286139.30691867095,287940.6134871938,290783.4427182626,294420.34272302035,298531.64818516426,302188.8593232108,305211.30551427987,307701.1239282313,309715.41744825203,311393.43410873506,311555.62146388297,312247.14224193804,313575.31792810425,315444.75139857305,318369.3783846389,321942.0806391839,325736.6122955157,329393.94383141637,332820.2744278838,335321.15864410275,337733.9694267479,340547.0507211628,343760.4637377233,347212.0888088764,351275.6340418112,356215.2517691029
55,Wisconsin,WI,184324.3376068376,183983.46153846153,164239.87503243657,162644.99306630637,161449.85204913854,160892.77224836918,160978.81642194415,160910.42066412582,161020.42435903195,161059.80658556262,160440.99691870654,159643.78576868706,158689.7695278027,157769.42856488086,156776.1192149644,156929.07873034143,157248.5692696976,157657.60359261945,158115.05016007388,158192.78440629525,157935.64725177182,157198.17940615487,156625.41548405695,156359.39876778057,156358.44058178033,156484.24827032274,156638.43385313544,156814.29175394576,156925.34685102705,157037.2497407631,156918.8570368268,156952.587899084,157475.66026080935,158463.45803468543,160220.00324893126,161837.21612135984,163545.37018071217,165247.80929580235,166397.32026256734,167083.73889634715,167538.83465775216,167739.56690198454,167623.75117127915,167565.29024920636,167788.55478729034,168648.49632533808,170101.36845950794,171949.29570479118,173866.09501749632,175587.82688149478,176542.78986216144,177226.343468437,177846.18293917883,178452.2815093009,178965.2883380425,179391.53278554275,179738.69228949718,180439.2752296431,181445.47972494786,182667.54918165877,183959.85946775586,185053.824506601,185562.83831571994,185751.68634010252,185913.1325368419,185912.69179357096,186049.98188299855,186175.43125397572,186356.42906723073,187060.64300083462,188412.93746014615,190332.6511183694,192445.39426199332,194439.20757511296,196569.77362315526,198546.8843241233,199740.77634655277,200831.11055197037,201433.6352517478,201981.29374476615,202803.77505459866,203722.43104575912
54,West Virginia,WV,161963.46153846153,159887.11538461538,147627.85433268896,147742.94652828522,147854.22832544867,147918.58939091294,147950.7313865141,147957.40768820615,147941.0378645222,147774.56755035406,147794.2413612215,148315.19122356846,149674.22002281132,150264.42442427104,151128.66748211678,151148.76707006578,151350.84761641873,151585.27843727177,151554.16364928993,151198.0490859098,151372.3999441038,151092.20402008563,151013.71174241885,151112.7477397743,151734.97878417786,152535.71624516541,153113.40753443635,153534.52397168055,153858.6820723197,153623.5787899057,152853.42212846817,152830.95259370474,153108.04036538536,153368.13957680686,153914.54010394285,154566.9688493673,155363.42640249853,156483.80256972625,157069.12477888388,157422.10840640197,157779.38893966336,158158.2277863555,158444.92048621044,158973.5198367046,160256.07320672675,161689.01580301864,163285.74164192093,164857.67685039825,166135.17502388713,166477.3499375148,166380.056250004,166087.86387202193,165525.03683425247,165561.3703344967,165590.50890326704,165712.52131593812,165762.24459474653,165756.81208923797,165741.79231161776,165333.32995050092,164695.6025692188,163631.02554826028,162841.72597426854,162301.38695641837,161820.81665457578,161518.660972249,161486.22931469677,161466.78771513287,161408.861528611,161464.25394823306,161449.904878422,161465.16598131382,161538.0018486304,161214.9371991851,160886.28969285553,160569.5891890985,160384.65112602562,160408.4847398957,160474.81306368345,160455.34479787594,160434.20956434947,160707.33010693826
56,Wyoming,WY,217342.3076923077,208500.0,195979.8792566838,196017.0333964132,195844.4777582781,195829.35505490142,195918.40973863937,196277.3097772352,196788.91853874066,197469.80819965975,199211.42375698604,200107.7062905888,201999.28236997026,202706.64778735556,202448.22411962628,202238.88721830316,202246.20780165456,202212.22447425552,201650.505051773,200291.50801682062,199294.93791579676,198531.1766461343,198258.07647125644,198137.95125563222,197966.86903559466,197717.81266661684,197865.6362908429,198459.2245485491,198898.40291962645,199156.84551930937,199368.05478415274,200109.10520735566,200890.01349796777,202291.6719875406,203871.59027947113,204890.86276715397,206891.1168316158,208795.69993614286,209941.25265972826,210659.2490819496,211635.52052846586,212695.36320767258,214149.48362815942,215367.24863283001,217067.26888958208,218426.60153516367,221265.12733177474,224245.7283913303,226294.3902368246,227755.90475522645,228680.27597693188,228586.2212568896,227299.47768487234,227141.98083018567,227019.3095689806,227741.06952097546,227620.84484860578,227670.6700998378,228056.3921978198,228385.38828391704,228392.9045226461,228080.89886738855,228258.19310584044,228640.61731393228,228830.54880385136,228878.82932413623,228882.2156600465,228953.46819696596,228911.5119971307,228975.3069476814,228842.30218769202,218567.8369983002,215059.2863898374,212404.95890911654,211138.35623456512,211017.2067556275,210110.05100079713,209672.27790084438,210190.6173748093,211606.5195382436,212575.82806645322,213565.68962213947
