topo_id,state,abbreviation,2008-01,2008-02,2008-03,2008-04,2008-05,2008-06,2008-07,2008-08,2008-09,2008-10,2008-11,2008-12,2009-01,2009-02,2009-03,2009-04,2009-05,2009-06,2009-07,2009-08,2009-09,2009-10,2009-11,2009-12,2010-01,2010-02,2010-03,2010-04,2010-05,2010-06,2010-07,2010-08,2010-09,2010-10,2010-11,2010-12,2011-01,2011-02,2011-03,2011-04,2011-05,2011-06,2011-07,2011-08,2011-09,2011-10,2011-11,2011-12,2012-01,2012-02,2012-03,2012-04,2012-05,2012-06,2012-07,2012-08,2012-09,2012-10,2012-11,2012-12,2013-01,2013-02,2013-03,2013-04,2013-05,2013-06,2013-07,2013-08,2013-09,2013-10,2013-11,2013-12,2014-01,2014-02,2014-03,2014-04,2014-05,2014-06,2014-07,2014-08,2014-09,2014-10,2014-11,2014-12,2015-01,2015-02,2015-03,2015-04,2015-05,2015-06,2015-07,2015-08,2015-09,2015-10,2015-11,2015-12,2016-01,2016-02,2016-03,2016-04,2016-05,2016-06,2016-07,2016-08,2016-09,2016-10,2016-11,2016-12,2017-01,2017-02,2017-03,2017-04,2017-05,2017-06,2017-07,2017-08,2017-09,2017-10,2017-11,2017-12,2018-01,2018-02,2018-03,2018-04,2018-05,2018-06,2018-07,2018-08
1,Alabama,AL,0.0,0.0,0.0,0.0,0.0,0.0,0.0,0.0,0.0,0.0,0.0,0.0,0.0,0.0,0.0,0.0,0.0,0.0,0.0,0.0,0.0,0.0,0.0,0.0,0.0,0.0,0.0,0.0,0.0,0.0,0.0,0.0,0.0,0.0,0.0,0.0,0.0,0.0,0.0,0.0,0.0,0.0,0.0,0.0,0.0,0.0,0.0,0.0,0.0,0.0,0.0,0.0,0.0,0.0,0.0,0.0,0.0,0.0,0.0,0.0,0.0,0.0,0.0,0.0,0.0,3.885,7.77,1.295,0.0,4.279999999999999,2.985,2.985,4.456944444444445,6.275833333333331,6.2775,6.114444444444443,4.303333333333333,4.170277777777779,4.518055555555555,4.716944444444445,5.471388888888888,5.139166666666667,3.621944444444444,5.892222222222221,6.038372093023256,3.677906976744186,5.338372093023256,4.099534883720929,4.243720930232557,5.270930232558139,4.470232558139535,3.3651162790697677,3.153255813953489,2.5609302325581385,3.691627906976743,5.853023255813953,3.8993023255813957,3.7118604651162785,3.9248837209302323,3.318837209302326,3.416279069767442,2.855581395348837,2.14093023255814,2.906511627906977,2.538372093023256,2.9662790697674417,2.5702325581395353,3.219767441860466,2.693488372093023,3.2293023255813957,3.2237209302325582,2.128139534883721,3.481162790697674,3.404883720930232,2.614186046511628,2.4481395348837207,3.323023255813953,2.7165116279069768,2.3051162790697672,2.2751162790697674,2.5495348837209306,2.475116279069767,2.4700000000000006,2.2535483870967736,3.8434615384615376,2.405909090909091,2.04875,3.7761538461538464
4,Arizona,AZ,0.0,0.0,0.0,0.0,0.0,0.0,0.0,0.0,0.0,0.0,0.0,0.0,0.0,0.0,0.0,0.0,0.0,0.0,0.0,0.0,0.0,0.0,0.0,0.0,0.0,0.0,0.0,0.0,0.0,0.0,0.0,0.0,0.0,0.0,0.0,0.0,0.0,0.0,0.0,0.0,0.0,0.0,0.0,0.0,0.0,0.0,0.0,0.0,0.0,0.0,0.0,0.0,0.0,0.0,0.0,0.0,0.0,0.0,0.0,0.0,0.0,0.0,0.0,0.0,0.0,0.0,0.0,0.0,0.0,0.0,0.0,0.0,7.852142857142857,2.911428571428572,4.423571428571428,3.2414285714285715,3.5085714285714285,2.6364285714285716,2.7814285714285716,3.5335714285714297,2.1214285714285714,3.4299999999999993,2.186428571428571,1.662142857142857,1.6928481012658225,1.52626582278481,1.8589240506329117,1.504810126582278,1.2298734177215185,1.3797468354430373,1.4834810126582272,1.1696835443037972,1.253860759493671,1.3011392405063282,1.230569620253164,1.308164556962025,1.1512578616352203,1.048301886792453,1.1989937106918238,0.92062893081761,1.2486163522012577,1.3115723270440247,1.2828301886792453,1.5211949685534596,1.25937106918239,1.1922012578616354,1.1686792452830184,0.8586792452830189,0.9935403726708073,0.5419254658385092,0.8500000000000001,0.6136024844720497,0.6292546583850932,0.8180745341614908,0.7434161490683231,0.7722981366459628,0.8046583850931676,0.8905590062111802,1.11472049689441,0.6985093167701862,0.8189440993788821,0.65055900621118,0.6553125,0.29989795918367346,0.28512820512820514,0.20843750000000003,0.1953703703703704,0.08555555555555555
5,Arkansas,AR,0.0,0.0,0.0,0.0,0.0,0.0,0.0,0.0,0.0,0.0,0.0,0.0,0.0,0.0,0.0,0.0,0.0,0.0,0.0,0.0,0.0,0.0,0.0,0.0,0.0,0.0,0.0,0.0,0.0,0.0,0.0,0.0,0.0,0.0,0.0,0.0,0.0,0.0,0.0,0.0,0.0,0.0,0.0,0.0,0.0,0.0,0.0,0.0,0.0,0.0,0.0,0.0,0.0,0.0,0.0,0.0,0.0,0.0,0.0,0.0,6.29,3.14,0.0,31.33,3.13,9.38,6.25,3.12,0.0,0.0,0.0,0.0,0.0,0.0,0.0,0.0,0.0,0.0,0.0,0.0,0.0,0.7599999999999999,0.0,0.0,3.166129032258065,1.3987096774193546,2.54,1.1383870967741936,1.5112903225806449,1.842258064516129,1.4183870967741936,1.4035483870967742,2.254838709677419,1.8903225806451611,1.6096774193548389,2.002258064516129,2.265625,1.8637500000000002,2.1178125000000003,1.7671874999999995,2.3693750000000002,1.985625,2.2624999999999997,1.9809374999999998,1.9925000000000004,1.5887499999999999,1.8256250000000003,1.4203125,0.7175,0.9071875,1.7025000000000001,1.1809375000000002,1.2528124999999999,1.4571875,0.7025,0.9675,0.9103125,0.5328124999999999,0.606875,0.95625,1.1074999999999997,0.71875,0.9028,1.1371428571428572,2.574375,1.0661538461538462,0.30300000000000005,0.281
6,California,CA,0.0,0.0,0.0,0.0,0.0,0.0,0.0,0.0,0.0,0.0,0.0,0.0,0.0,0.0,0.0,0.0,0.0,0.0,0.0,0.0,0.0,0.0,0.0,0.0,0.0,0.0,0.0,0.0,0.0,0.0,0.0,0.0,0.0,0.0,0.0,0.0,0.0,0.0,0.0,0.0,0.0,0.0,0.0,0.0,0.0,0.0,0.0,0.0,0.0,0.0,0.0,0.0,0.0,0.0,0.0,0.0,0.0,0.0,0.0,0.0,0.0,0.0,0.0,0.0,0.0,0.0,0.0,0.0,0.0,0.0,0.0,0.0,2.431746031746032,1.9371428571428575,2.598888888888889,2.6704761904761902,2.4995238095238097,2.202539682539683,3.7317460317460323,2.3553968253968254,2.5833333333333335,2.43984126984127,1.631904761904762,2.4752380952380952,1.4108849557522118,1.2568436578171094,1.3288348082595867,1.593082595870206,1.1969026548672559,1.3951032448377576,1.2482005899705015,1.1254572271386423,1.071784660766962,1.0546902654867254,1.1414601769911503,1.3122123893805318,0.9489085545722715,0.8738495575221239,0.9039233038348082,0.8993215339233042,0.7354424778761061,0.9351474926253686,1.0169174041297935,0.8607227138643069,0.7965634218289088,0.8142035398230086,0.824439528023599,0.8868879056047199,0.8509720176730493,0.6681443298969073,0.7174521354933727,0.438983799705449,0.5486597938144329,0.5351693667157584,0.5024447717231221,0.5748453608247425,0.6305891016200291,0.5848159057437409,0.49404129793510315,0.5234955752212388,0.4932743362831857,0.3469911504424778,0.3470962199312714,0.26713991769547346,0.18531862745098043,0.21321022727272726,0.217344262295082,0.16853846153846153
8,Colorado,CO,0.0,0.0,0.0,0.0,0.0,0.0,0.0,0.0,0.0,0.0,0.0,0.0,0.0,0.0,0.0,0.0,0.0,0.0,0.0,0.0,0.0,0.0,0.0,0.0,0.0,0.0,0.0,0.0,0.0,0.0,0.0,0.0,0.0,0.0,0.0,0.0,0.0,0.0,0.0,0.0,0.0,0.0,0.0,0.0,0.0,0.0,0.0,0.0,0.0,0.0,0.0,0.0,0.0,0.0,0.0,0.0,0.0,0.0,0.0,0.0,0.0,0.0,0.0,0.0,0.0,0.0,0.0,0.0,0.0,0.0,0.0,0.0,1.9880555555555555,1.6202777777777775,1.3991666666666667,1.5411111111111109,1.0825,1.1763888888888887,1.1241666666666665,1.3861111111111106,1.6800000000000002,1.471111111111111,1.2325000000000002,0.7905555555555556,0.9375490196078432,1.0686274509803924,0.918921568627451,1.1650980392156862,0.8191176470588236,0.7325490196078431,1.0299019607843136,0.7735294117647059,0.7172549019607842,0.7648039215686276,0.9394117647058824,0.8782352941176472,0.5761764705882352,0.5299019607843136,0.4900980392156863,0.41039215686274505,0.1877450980392157,0.19058823529411761,0.16509803921568628,0.20598039215686273,0.19450980392156864,0.15196078431372545,0.1652941176470588,0.11323529411764706,0.09745098039215687,0.19019607843137254,0.2146078431372549,0.08284313725490196,0.11647058823529413,0.18166666666666667,0.11303921568627452,0.15098039215686274,0.1855882352941176,0.11058823529411764,0.1686274509803922,0.16784313725490196,0.12029411764705882,0.11205882352941178,0.03305263157894737,0.005,0.005316455696202532,0.044743589743589746,0.05263888888888889,0.011940298507462687
9,Connecticut,CT,0.0,0.0,0.0,0.0,0.0,0.0,0.0,0.0,0.0,0.0,0.0,0.0,0.0,0.0,0.0,0.0,0.0,0.0,0.0,0.0,0.0,0.0,0.0,0.0,0.0,0.0,0.0,0.0,0.0,0.0,0.0,0.0,0.0,0.0,0.0,0.0,0.0,0.0,0.0,0.0,0.0,0.0,0.0,0.0,0.0,0.0,0.0,0.0,0.0,0.0,0.0,0.0,0.0,0.0,0.0,0.0,0.0,0.0,0.0,0.0,0.0,0.0,0.0,0.0,0.0,0.0,0.0,0.0,0.0,0.0,0.0,0.0,0.0,0.0,0.0,0.0,0.0,0.0,0.0,0.0,0.0,0.0,0.0,0.0,3.2012658227848103,6.653500000000003,4.429113924050633,3.5154999999999994,3.1645,2.9105,2.148,2.3491249999999995,1.86525,1.41175,1.9062499999999993,1.721375,1.9060493827160492,2.0465432098765435,1.5158024691358023,2.272222222222222,2.5380000000000003,2.3287654320987654,1.6581250000000005,2.7093827160493826,2.7283950617283956,2.11641975308642,1.6976543209876538,2.3224691358024696,1.8678378378378377,2.0889189189189192,1.8736036036036041,2.0613513513513517,1.9197297297297298,1.7927927927927925,2.6368181818181813,2.2149999999999994,2.6864545454545454,2.7341818181818187,2.5592727272727265,2.615765765765766,2.178288288288288,2.3906249999999996,2.760823529411764,1.98171875,2.2246153846153844,2.25825,2.70939393939394,3.8175862068965514
10,Delaware,DE,0.0,0.0,0.0,0.0,0.0,0.0,0.0,0.0,0.0,0.0,0.0,0.0,0.0,0.0,0.0,0.0,0.0,0.0,0.0,0.0,0.0,0.0,0.0,0.0,0.0,0.0,0.0,0.0,0.0,0.0,0.0,0.0,0.0,0.0,0.0,0.0,0.0,0.0,0.0,0.0,0.0,0.0,0.0,0.0,0.0,0.0,0.0,0.0,0.0,0.0,0.0,0.0,0.0,0.0,0.0,0.0,0.0,0.0,0.0,0.0,0.0,0.0,0.0,0.0,0.0,0.0,0.0,0.0,0.0,0.0,0.0,0.0,1.3772222222222221,1.3594444444444442,1.3855555555555557,2.04,3.012777777777778,1.1505555555555556,1.277222222222222,3.0233333333333334,1.0427777777777778,1.416666666666667,0.5316666666666666,1.1722222222222223,0.5922222222222222,1.1672222222222224,2.466666666666667,0.044444444444444446,0.25611111111111107,1.573888888888889,1.818888888888889,1.9427777777777777,1.6011111111111112,1.8472222222222223,0.0,1.228888888888889,2.417222222222222,1.7355555555555557,1.8900000000000001,1.432777777777778,2.0216666666666665,2.1177777777777775,1.1377777777777778,1.6400000000000001,1.5888888888888888,2.328888888888889,2.5316666666666667,2.2433333333333336,2.5900000000000003,4.543333333333333,4.470000000000001,3.0438888888888886,6.547222222222222,4.737222222222223,3.0972222222222223,3.6800000000000006,2.8683333333333336,4.89,3.483333333333333,3.7349999999999994,4.363888888888888,3.4622222222222225,5.114117647058824,4.86875,4.5307692307692315,3.6750000000000003,4.549166666666667,3.8210000000000006
11,District of Columbia,DC,0.0,0.0,0.0,0.0,0.0,0.0,0.0,0.0,0.0,0.0,0.0,0.0,0.0,0.0,0.0,0.0,0.0,0.0,0.0,0.0,0.0,0.0,0.0,0.0,0.0,0.0,0.0,0.0,0.0,0.0,0.0,0.0,0.0,0.0,0.0,0.0,0.0,0.0,0.0,0.0,0.0,0.0,0.0,0.0,0.0,0.0,0.0,0.0,0.0,0.0,0.0,0.0,0.0,0.0,0.0,0.0,0.0,0.0,0.0,0.0,0.0,0.0,0.0,0.0,0.0,0.0,0.0,0.0,0.0,0.0,0.0,0.0,0.040625,0.19625,0.1325,0.04625,0.054375,0.0,0.05375,0.43999999999999995,0.21000000000000002,0.0,0.064375,0.12062500000000001,0.649375,0.42312500000000003,0.320625,0.18,0.35125,0.454375,0.280625,0.34625,0.416875,0.23625000000000002,0.305,0.411875,0.35562499999999997,0.47062499999999996,0.785,0.9487500000000001,0.316875,0.59375,1.01375,0.501875,1.64,1.921875,0.9912500000000001,2.2268749999999997,1.3850000000000002,1.124375,1.701875,1.2493750000000001,0.4925,0.6012500000000001,0.7100000000000001,0.9850000000000001,0.515625,0.635625,1.2043750000000002,0.30437499999999995,0.7987500000000001,1.23,1.43125,0.7961538461538462,0.6884615384615385,1.2754545454545456,1.0657142857142856,0.8414285714285715
12,Florida,FL,0.0,0.0,0.0,0.0,0.0,0.0,0.0,0.0,0.0,0.0,0.0,0.0,0.0,0.0,0.0,0.0,0.0,0.0,0.0,0.0,0.0,0.0,0.0,0.0,0.0,0.0,0.0,0.0,0.0,0.0,0.0,0.0,0.0,0.0,0.0,0.0,0.0,0.0,0.0,0.0,0.0,0.0,0.0,0.0,0.0,0.0,0.0,0.0,0.0,0.0,0.0,0.0,0.0,0.0,0.0,0.0,0.0,0.0,0.0,0.0,0.0,0.0,0.0,0.0,0.0,0.0,0.0,0.0,0.0,0.0,0.0,0.0,4.4625339366515835,4.3075565610859705,3.8907466063348397,4.298235294117645,3.920067873303163,3.8891402714932113,4.028257918552037,3.99814479638009,4.001764705882355,4.292262443438912,3.0861538461538482,3.6657918552036213,3.1624313725490225,3.9962941176470617,3.6130392156862743,3.1419019607843164,2.882784313725489,2.7514117647058827,2.6427647058823553,2.186666666666668,1.8668431372549021,1.79429411764706,1.670176470588235,1.955176470588235,1.8207632093933461,1.7709001956947161,1.353855185909981,0.9484960937500002,0.9333203124999999,0.8497265625000002,0.9951757812500003,0.6932031250000001,0.37630859375000003,0.24884765625000005,0.2663085937499999,0.24658203124999994,0.2864648437499999,0.22419921875000004,0.35935546874999996,0.18589843750000004,0.29873046875000003,0.28271484375,0.34205078125,0.30443359374999995,0.26208984375,0.3007617187499999,0.33138671875,0.24826171875,0.3700195312499999,0.42935546875,0.22219730941704027,0.08577023498694519,0.09701257861635221,0.07219178082191781,0.035,0.10267206477732795
13,Georgia,GA,0.0,0.0,0.0,0.0,0.0,0.0,0.0,0.0,0.0,0.0,0.0,0.0,0.0,0.0,0.0,0.0,0.0,0.0,0.0,0.0,0.0,0.0,0.0,0.0,0.0,0.0,0.0,0.0,0.0,0.0,0.0,0.0,0.0,0.0,0.0,0.0,0.0,0.0,0.0,0.0,0.0,0.0,0.0,0.0,0.0,0.0,0.0,0.0,0.0,0.0,0.0,0.0,0.0,0.0,0.0,0.0,0.0,0.0,0.0,0.0,0.0,0.0,0.0,0.0,0.0,0.0,0.0,0.0,0.0,0.0,0.0,0.0,8.559402985074623,7.333731343283582,7.7129104477611925,6.492686567164175,6.346791044776118,6.632462686567164,7.439328358208955,7.774104477611941,7.8030597014925345,7.070671641791045,5.971940298507462,4.936567164179105,6.875942028985506,6.050434782608694,4.945289855072463,5.309202898550725,3.58449275362319,2.7209420289855073,2.825507246376812,2.6337681159420296,4.12144927536232,4.307028985507247,2.897826086956522,3.600579710144928,4.411079136690646,3.5690647482014404,3.6979856115107914,3.5485611510791357,3.270791366906476,3.8566906474820146,2.0373381294964035,1.8466187050359708,2.505827338129497,1.5118705035971225,1.9554676258992798,2.6071942446043166,1.900851063829787,2.0044680851063834,2.2339716312056734,1.4726950354609933,1.760141843971631,1.6282978723404262,1.0472340425531914,1.3139716312056737,1.5995035460992908,1.04468085106383,1.4896453900709221,1.193758865248227,0.9748226950354612,1.0856737588652485,1.142456140350877,1.1625581395348843,1.1423529411764706,0.9656603773584906,0.5008888888888888,0.6345161290322581
15,Hawaii,HI,0.0,0.0,0.0,0.0,0.0,0.0,0.0,0.0,0.0,0.0,0.0,0.0,0.0,0.0,0.0,0.0,0.0,0.0,0.0,0.0,0.0,0.0,0.0,0.0,0.0,0.0,0.0,0.0,0.0,0.0,0.0,0.0,0.0,0.0,0.0,0.0,0.0,0.0,0.0,0.0,0.0,0.0,0.0,0.0,0.0,0.0,0.0,0.0,0.0,0.0,0.0,0.0,0.0,0.0,0.0,0.0,0.0,0.0,0.0,0.0,0.0,0.0,0.0,0.0,0.0,0.0,0.0,0.0,0.0,0.0,0.0,0.0,0.0,0.0,0.0,0.0,0.0,0.0,0.0,0.0,0.0,0.0,0.0,0.0,0.0,0.07,0.0,0.0,0.0,0.05,0.10222222222222221,0.030555555555555558,0.024444444444444446,0.0,0.04555555555555555,0.0,0.0,0.0,0.0,0.0,0.11500000000000002,0.024444444444444446,0.0,0.07666666666666666,0.03166666666666666,0.12944444444444445,0.0,0.0,0.0,0.043888888888888894,0.07388888888888889,0.04833333333333333,0.03166666666666666,0.04833333333333333,0.10277777777777779,0.0,0.02388888888888889,0.0,0.0,0.0,0.0,0.12111111111111111,0.02388888888888889,0.14055555555555554,0.042222222222222223,0.0,0.15000000000000002,0.0
16,Idaho,ID,0.0,0.0,0.0,0.0,0.0,0.0,0.0,0.0,0.0,0.0,0.0,0.0,0.0,0.0,0.0,0.0,0.0,0.0,0.0,0.0,0.0,0.0,0.0,0.0,0.0,0.0,0.0,0.0,0.0,0.0,0.0,0.0,0.0,0.0,0.0,0.0,0.0,0.0,0.0,0.0,0.0,0.0,0.0,0.0,0.0,0.0,0.0,0.0,0.0,0.0,0.0,0.0,0.0,0.0,0.0,0.0,0.0,0.0,0.0,0.0,0.0,0.0,0.0,0.0,0.0,0.0,0.0,0.0,0.0,0.0,0.0,0.0,2.222,11.633999999999999,3.338,2.138333333333333,1.8316666666666668,1.425,2.7550000000000003,0.31,1.765,1.0883333333333332,1.3266666666666664,1.39,5.128125,0.8068749999999999,0.919375,0.7506250000000001,0.9437500000000001,0.22125,1.0343749999999998,0.595625,0.49124999999999996,0.690625,0.49625,0.28,2.6600000000000006,0.9006249999999999,0.644375,0.549375,1.10375,0.48,0.7074999999999999,1.0325,0.27125,0.8,0.404375,0.5225,4.047894736842105,1.0421052631578949,0.7989473684210526,0.15,0.5321052631578947,0.24157894736842103,0.4368421052631579,0.5610526315789474,0.2752631578947369,0.4947368421052631,0.7789473684210527,0.5131578947368421,2.0921052631578947,0.41210526315789475,0.677857142857143,0.19461538461538463,0.38272727272727275,0.16375,0.658,0.49750000000000005
17,Illinois,IL,0.0,0.0,0.0,0.0,0.0,0.0,0.0,0.0,0.0,0.0,0.0,0.0,0.0,0.0,0.0,0.0,0.0,0.0,0.0,0.0,0.0,0.0,0.0,0.0,0.0,0.0,0.0,0.0,0.0,0.0,0.0,0.0,0.0,0.0,0.0,0.0,0.0,0.0,0.0,0.0,0.0,0.0,0.0,0.0,0.0,0.0,0.0,0.0,0.0,0.0,0.0,1.83,1.83,0.0,0.0,1.83,0.0,1.83,0.0,1.82,10.522393162393167,10.18594017094017,12.412094017094011,14.864273504273507,12.68948717948718,10.33282051282051,12.002222222222219,12.108547008547006,13.77705128205128,10.624615384615378,6.3721367521367505,6.224444444444444,5.606742424242424,5.687196969696966,5.9002651515151525,6.193750000000002,6.028068181818185,7.743219696969701,7.180378787878787,5.080075757575757,5.996136363636366,6.530833333333336,4.5324242424242405,5.918712121212121,5.630264150943395,5.011509433962264,6.255056603773586,5.740037735849061,5.0494716981132095,5.543320754716983,5.764452830188681,4.683509433962266,4.742566037735849,4.6611320754716985,4.316981132075472,4.455698113207549,3.710075187969923,3.9668421052631557,3.674022556390978,2.4320300751879698,2.5031954887218046,3.5238721804511273,3.1758270676691747,3.8060902255639113,3.1988345864661656,3.2624436090225566,3.050676691729325,2.8503759398496253,2.7715037593984966,3.3829699248120306,3.6243609022556402,2.730263157894739,2.477631578947371,2.2940225563909786,2.4199624060150384,3.4718796992481202,2.6899624060150384,3.2834586466165416,2.6998872180451134,2.589548872180451,2.7903759398496235,2.801917293233083,3.3020476190476193,3.162068965517241,3.315724637681159,3.1823684210526313,3.309354838709679,5.502337662337663
18,Indiana,IN,0.0,0.0,0.0,0.0,0.0,0.0,0.0,0.0,0.0,0.0,0.0,0.0,0.0,0.0,0.0,0.0,0.0,0.0,0.0,0.0,0.0,0.0,0.0,0.0,0.0,0.0,0.0,0.0,0.0,0.0,0.0,0.0,0.0,0.0,0.0,0.0,0.0,0.0,0.0,0.0,0.0,0.0,0.0,0.0,0.0,0.0,0.0,0.0,0.0,0.0,0.0,0.0,0.0,0.0,0.0,0.0,0.0,0.0,0.0,0.0,0.0,0.0,0.0,0.0,0.0,0.0,0.0,0.0,0.0,0.0,0.0,0.0,2.9339726027397255,6.115479452054796,4.105205479452055,5.162191780821916,4.858630136986301,3.750136986301368,5.1090410958904116,3.7136986301369874,3.8734246575342466,3.1834246575342466,2.6575342465753424,4.6249315068493155,3.2849315068493152,4.498904109589042,4.062465753424657,3.0073972602739727,4.287534246575343,3.3095890410958915,3.285753424657534,2.4823287671232874,3.181506849315069,2.5280821917808223,2.785890410958904,3.260684931506849,3.344657534246576,3.7904109589041095,4.2187671232876705,3.3520547945205483,2.999315068493151,2.957808219178083,2.264383561643836,2.9172602739726035,2.5005479452054797,2.3898630136986303,1.5968493150684933,1.6226027397260272,2.3623287671232873,1.6691780821917808,2.916301369863014,1.8639726027397256,2.3012328767123287,2.585616438356164,2.0958904109589036,2.5935616438356153,1.8816438356164382,2.5902739726027395,2.2198591549295767,1.110281690140845,2.740281690140845,2.4471830985915495,2.4146551724137937,1.8390243902439016,2.0271428571428567,1.9023076923076923,1.6884210526315793,1.6400000000000001
19,Iowa,IA,0.0,0.0,0.0,0.0,0.0,0.0,0.0,0.0,0.0,0.0,0.0,0.0,0.0,0.0,0.0,0.0,0.0,0.0,0.0,0.0,0.0,0.0,0.0,0.0,0.0,0.0,0.0,0.0,0.0,0.0,0.0,0.0,0.0,0.0,0.0,0.0,0.0,0.0,0.0,0.0,0.0,0.0,0.0,0.0,0.0,0.0,0.0,0.0,0.0,0.0,0.0,0.0,0.0,0.0,0.0,0.0,0.0,0.0,0.0,0.0,0.0,0.0,0.0,0.0,0.0,0.0,0.0,0.0,0.0,0.0,0.0,0.0,2.7960000000000003,1.954,1.8920000000000001,1.4,4.398000000000001,1.3219999999999998,1.278,2.4219999999999997,0.0,0.38,1.698,0.0,1.6784000000000001,1.6216,1.2664,2.2356000000000003,1.2588000000000001,0.6696,1.3572000000000002,2.0212,1.6203999999999998,1.5208000000000004,1.2896,1.71,1.3356000000000001,1.1596000000000002,0.9256,0.7996000000000001,1.37,0.7276,0.6947999999999999,0.6504000000000001,0.7304,0.9132000000000001,0.9103999999999999,1.4508,1.5811538461538464,1.2569230769230768,0.4676923076923077,1.0026923076923078,1.4407692307692308,1.3800000000000001,0.42500000000000004,0.6676923076923077,0.9534615384615386,1.1253846153846152,0.7092307692307693,1.4742307692307695,0.5126923076923077,0.19307692307692306,0.6245833333333334,0.21181818181818182,1.3616666666666666,0.81125,0.8463636363636362,0.9628571428571429
20,Kansas,KS,0.0,0.0,0.0,0.0,0.0,0.0,0.0,0.0,0.0,0.0,0.0,0.0,0.0,0.0,0.0,0.0,0.0,0.0,0.0,0.0,0.0,0.0,0.0,0.0,0.0,0.0,0.0,0.0,0.0,0.0,0.0,0.0,0.0,0.0,0.0,0.0,0.0,0.0,0.0,0.0,0.0,0.0,0.0,0.0,0.0,0.0,0.0,0.0,0.0,0.0,0.0,0.0,0.0,0.0,0.0,0.0,0.0,0.0,0.0,0.0,2.5745454545454547,1.7731818181818182,1.841818181818182,2.6940909090909093,0.924090909090909,2.2177272727272728,1.246818181818182,2.0900000000000003,2.16,2.335,1.2663636363636364,1.9181818181818182,1.2708333333333335,1.7874999999999999,1.4791666666666667,0.7591666666666668,2.0166666666666666,1.9533333333333334,1.7625000000000002,1.2691666666666668,1.695,1.4420833333333334,0.7929166666666667,1.91625,1.2529545454545454,1.8772727272727272,2.586818181818182,2.330909090909091,2.4327272727272726,2.650681818181818,2.157272727272727,2.2249999999999996,1.9986363636363633,2.9227272727272724,1.534772727272727,1.9775,1.0790909090909089,0.8868181818181817,1.4872727272727273,0.4913636363636363,0.9563636363636363,1.708181818181818,1.0538636363636362,0.9156818181818184,0.7243181818181817,1.8472727272727274,1.0813636363636365,1.4122727272727273,1.3980000000000001,1.5580000000000003,0.8964444444444447,1.1253333333333333,1.7668888888888887,1.491333333333333,0.8944444444444445,1.5426666666666664,1.3773333333333335,2.3040000000000003,0.9402222222222223,1.3704444444444446,1.0719999999999998,1.5108888888888885,0.9835897435897436,0.4912121212121212,0.2885714285714286,0.6733333333333333,0.9930769230769231,0.4930769230769231
21,Kentucky,KY,0.0,0.0,0.0,0.0,0.0,0.0,0.0,0.0,0.0,0.0,0.0,0.0,0.0,0.0,0.0,0.0,0.0,0.0,0.0,0.0,0.0,0.0,0.0,0.0,0.0,0.0,0.0,0.0,0.0,0.0,0.0,0.0,0.0,0.0,0.0,0.0,0.0,0.0,0.0,0.0,0.0,0.0,0.0,0.0,0.0,0.0,0.0,0.0,0.0,0.0,0.0,0.0,0.0,0.0,0.0,0.0,0.0,0.0,0.0,0.0,0.09,0.06363636363636363,0.03727272727272727,0.18454545454545457,0.03227272727272727,0.17772727272727273,0.049090909090909095,0.13272727272727272,0.4290909090909091,0.03227272727272727,0.03227272727272727,0.37545454545454543,0.04428571428571429,0.0,0.33594594594594596,0.20486486486486488,0.18861111111111112,0.16135135135135134,0.21542857142857144,0.5375675675675676,0.27305555555555555,0.1722222222222222,0.09861111111111112,0.1262162162162162,0.06761904761904762,0.15292682926829268,0.07809523809523809,0.6239024390243902,0.6114634146341463,0.5253658536585366,0.07325000000000001,0.060476190476190475,0.08219512195121952,0.05095238095238096,0.0,0.0,0.07571428571428572,0.07428571428571429,0.08476190476190476,0.058333333333333334,0.14809523809523809,0.032619047619047624,0.13097560975609754,0.9123809523809524,0.050238095238095234,0.921219512195122,0.622857142857143,0.0,0.11071428571428572,0.18452380952380953,0.8209756097560976,0.05023255813953489,0.10883720930232557,1.8352380952380951,0.2051219512195122,0.5914285714285715,0.05627906976744186,0.12952380952380954,0.1274418604651163,0.0,0.18348837209302324,0.029069767441860465,0.0586046511627907,0.0,0.0,0.08714285714285715,0.0,0.0
22,Louisiana,LA,0.0,0.0,0.0,0.0,0.0,0.0,0.0,0.0,0.0,0.0,0.0,0.0,0.0,0.0,0.0,0.0,0.0,0.0,0.0,0.0,0.0,0.0,0.0,0.0,0.0,0.0,0.0,0.0,0.0,0.0,0.0,0.0,0.0,0.0,0.0,0.0,0.0,0.0,0.0,0.0,0.0,0.0,0.0,0.0,0.0,0.0,0.0,0.0,0.0,0.0,0.0,0.0,0.0,0.0,0.0,0.0,0.0,0.0,0.0,0.0,0.0,0.0,0.0,0.0,0.0,2.105,0.565,3.11,0.0,2.125,1.575,0.0,1.7032142857142858,1.0373214285714285,1.1598214285714286,2.3335714285714286,1.5807142857142853,2.2758928571428574,1.6973214285714289,1.8282142857142858,1.2291071428571427,1.0983928571428572,0.9564285714285715,1.4194642857142856,0.8617857142857142,0.8573214285714286,1.0483928571428571,2.013214285714285,1.3423214285714287,1.4501785714285715,1.2057142857142857,1.6678571428571431,1.7514285714285713,1.3580357142857142,1.30125,1.5712499999999998,1.0864406779661016,1.681864406779661,1.9598305084745762,1.325084745762712,1.6325423728813557,1.0605084745762712,1.127457627118644,1.6108474576271183,1.0467796610169493,0.3633898305084747,0.6566101694915255,0.941186440677966,0.7277419354838709,1.198064516129032,1.1862903225806454,1.3217741935483869,1.9085483870967743,1.2067741935483869,1.167096774193548,1.3266129032258065,1.7858064516129033,1.3198387096774196,0.9769354838709676,1.9130645161290323,0.855483870967742,1.2187096774193549,1.4773584905660377,1.605227272727273,2.03125,1.8086486486486486,1.2768571428571427,1.785625
24,Maryland,MD,0.0,0.0,0.0,0.0,0.0,0.0,0.0,0.0,0.0,0.0,0.0,0.0,0.0,0.0,0.0,0.0,0.0,0.0,0.0,0.0,0.0,0.0,0.0,0.0,0.0,0.0,0.0,0.0,0.0,0.0,0.0,0.0,0.0,0.0,0.0,0.0,0.0,0.0,0.0,0.0,0.0,0.0,0.0,0.0,0.0,0.0,0.0,0.0,0.0,0.0,0.0,0.0,0.0,0.0,0.0,0.0,0.0,0.0,0.0,0.0,0.0,0.0,0.0,0.0,0.0,0.0,0.0,0.0,0.0,0.0,0.0,0.0,0.0,0.0,0.0,0.0,0.0,0.0,0.0,0.0,0.0,0.0,0.0,0.0,6.080933333333331,6.408199999999999,7.322666666666668,7.331333333333331,5.971866666666666,7.378999999999996,1.5963999999999998,2.1391999999999998,2.8641333333333345,3.354466666666667,2.5770666666666666,3.7851999999999997,3.598133333333332,3.995466666666665,4.789399999999998,3.3583333333333316,3.4485333333333323,5.383133333333332,1.1391333333333338,2.3725999999999994,2.442,2.4576,3.2425333333333337,2.888400000000001,2.9914000000000005,3.3898666666666655,4.545199999999998,3.386000000000001,3.808533333333335,4.052066666666667,0.9029999999999997,2.2782666666666658,3.0388666666666686,2.347466666666666,2.4551333333333334,2.1360000000000015,2.793266666666668,2.877666666666666,3.556287878787879,3.975982142857144,3.8990000000000005,4.655955056179774,1.185294117647059,1.873448275862069
25,Massachusetts,MA,0.0,0.0,0.0,0.0,0.0,0.0,0.0,0.0,0.0,0.0,0.0,0.0,0.0,0.0,0.0,0.0,0.0,0.0,0.0,0.0,0.0,0.0,0.0,0.0,0.0,0.0,0.0,0.0,0.0,0.0,0.0,0.0,0.0,0.0,0.0,0.0,0.0,0.0,0.0,0.0,0.0,0.0,0.0,0.0,0.0,0.0,0.0,0.0,0.0,0.0,0.0,0.0,0.0,0.0,0.0,0.0,0.0,0.0,0.0,0.0,0.0,0.0,0.0,0.0,0.0,0.0,0.0,0.0,0.0,0.0,0.0,0.0,0.0,0.0,0.0,0.0,0.0,0.0,0.0,0.0,0.0,0.0,0.0,0.0,1.1537433155080214,1.233978494623656,1.1726737967914436,1.388021390374332,1.467914438502674,2.26951871657754,2.3164171122994657,2.230588235294118,1.4151075268817204,1.2908064516129032,2.175882352941177,2.4413368983957224,1.6326344086021503,1.991666666666666,3.114301075268817,2.354491978609626,2.0891935483870965,2.0169518716577537,2.238770053475936,3.1494086021505368,2.57331550802139,3.0934224598930484,1.3379679144385024,2.4598395721925126,2.3314062499999992,2.732708333333333,2.602460732984293,2.4818750000000005,2.0337172774869097,2.282447916666666,1.9825,1.9460732984293196,2.0801562500000004,2.167083333333333,1.5180729166666662,1.8870833333333328,1.8565625000000001,1.2953645833333336,1.75253164556962,1.5155284552845527,1.2489247311827958,2.571298701298701,0.8521739130434783,0.8547169811320754
26,Michigan,MI,0.0,0.0,0.0,0.0,0.0,0.0,0.0,0.0,0.0,0.0,0.0,0.0,0.0,0.0,0.0,0.0,0.0,0.0,0.0,0.0,0.0,0.0,0.0,0.0,0.0,0.0,0.0,0.0,0.0,0.0,0.0,0.0,0.0,0.0,0.0,0.0,0.0,0.0,0.0,0.0,0.0,0.0,0.0,0.0,0.0,0.0,0.0,0.0,13.008333333333333,12.31,10.378333333333332,7.303333333333332,12.103333333333332,7.783333333333332,11.37,10.413333333333332,9.358333333333334,9.673333333333334,9.225000000000001,5.558333333333334,6.491666666666667,4.911666666666666,5.86388888888889,8.453333333333333,5.4366666666666665,5.456666666666667,6.299999999999999,5.176111111111112,4.087222222222222,4.926666666666667,3.3005555555555564,5.491052631578947,4.666666666666665,3.2415384615384606,4.068227848101265,2.985949367088607,2.768227848101265,3.4418987341772156,2.584430379746835,3.3777215189873413,3.8687341772151904,3.7983544303797476,2.29775,2.904375000000001,3.551712328767123,2.598689655172414,3.96875,3.8782758620689655,2.7504861111111105,3.2555172413793114,2.550137931034483,2.1922068965517236,2.5402054794520534,2.6735172413793102,2.3654861111111107,2.553263888888888,3.612013422818793,2.275234899328857,3.357333333333332,3.2247999999999992,2.5738666666666674,2.613221476510066,2.8181456953642394,2.8085999999999998,2.32758389261745,1.918741721854305,1.9073999999999998,3.0125333333333324,2.037933333333333,2.009463087248322,1.859072847682119,1.417171052631579,2.0799999999999996,2.133576158940398,2.087333333333333,2.1544295302013414,1.9537499999999994,2.1451999999999996,1.8426845637583884,2.776979865771811,3.161125827814569,2.096174496644295,2.103416666666666,2.324285714285713,1.5734615384615387,1.434411764705882,1.2701639344262297,1.6401785714285713
27,Minnesota,MN,0.0,0.0,0.0,0.0,0.0,0.0,0.0,0.0,0.0,0.0,0.0,0.0,0.0,0.0,0.0,0.0,0.0,0.0,0.0,0.0,0.0,0.0,0.0,0.0,0.0,0.0,0.0,0.0,0.0,0.0,0.0,0.0,0.0,0.0,0.0,0.0,0.0,0.0,0.0,0.0,0.0,0.0,0.0,0.0,0.0,0.0,0.0,0.0,0.0,0.0,0.0,0.0,0.0,0.0,0.0,0.0,0.0,0.0,0.0,0.0,10.966000000000001,5.258000000000001,2.162,4.368,4.188000000000001,6.023999999999999,5.754,6.395999999999999,4.994,3.7939999999999996,1.34,3.9979999999999998,5.048860759493673,3.592278481012657,4.059873417721519,3.3645569620253166,3.474810126582279,3.7969620253164553,3.1040506329113926,2.274430379746835,1.8678481012658223,3.1505063291139237,3.0984810126582287,4.544303797468355,3.3031,2.5074,2.7525,2.6683999999999997,2.8236000000000008,2.534,2.6585,2.6082000000000005,2.3048,2.8347,2.1653000000000007,2.6374,2.3322641509433972,2.117264150943397,2.1550943396226416,2.170283018867925,2.445943396226416,2.390283018867924,1.7705660377358494,1.7505660377358494,1.9997169811320752,1.4066981132075476,1.0778301886792454,0.45198113207547175,0.24849056603773584,0.3693396226415095,0.45745283018867927,0.37320754716981136,0.46188679245283004,0.9693396226415094,0.9149056603773585,0.8842452830188681,0.8828301886792452,1.3093396226415097,1.3057547169811323,0.9747169811320752,1.307547169811321,0.8362264150943396,0.728,0.37080645161290327,0.5070454545454546,0.29085714285714287,0.7028571428571428,0.29545454545454547
28,Mississippi,MS,0.0,0.0,0.0,0.0,0.0,0.0,0.0,0.0,0.0,0.0,0.0,0.0,0.0,0.0,0.0,0.0,0.0,0.0,0.0,0.0,0.0,0.0,0.0,0.0,0.0,0.0,0.0,0.0,0.0,0.0,0.0,0.0,0.0,0.0,0.0,0.0,0.0,0.0,0.0,0.0,0.0,0.0,0.0,0.0,0.0,0.0,0.0,0.0,0.0,0.0,0.0,0.0,0.0,0.0,0.0,0.0,0.0,0.0,0.0,0.0,0.0,0.0,0.0,0.0,0.0,2.86,0.0,0.0,0.0,0.0,0.0,0.0,0.34695652173913044,0.3530434782608696,0.7134782608695653,0.40217391304347827,0.42478260869565215,0.3860869565217391,0.6643478260869565,0.5882608695652174,1.0360869565217392,0.24,0.9339130434782609,0.6465217391304349,0.42434782608695654,0.44000000000000006,0.7943478260869565,0.5256521739130434,0.8899999999999999,0.4891304347826087,0.7334782608695652,0.22130434782608696,0.34695652173913044,0.3669565217391304,0.4191304347826087,0.3008695652173913,0.728695652173913,0.9891304347826085,1.037391304347826,0.7169565217391304,0.47652173913043483,0.49304347826086947,0.5295652173913044,0.5369565217391304,0.3804347826086957,0.43913043478260866,0.47260869565217395,0.7917391304347826,0.34347826086956523,0.2543478260869565,0.5034782608695653,1.0582608695652174,0.2534782608695652,0.07608695652173914,0.15695652173913044,0.043478260869565216,0.05913043478260869,0.05695652173913044,0.13782608695652174,0.09782608695652174,0.08043478260869566,0.0,0.06869565217391305,0.06869565217391305,0.0,0.0,0.0,0.0
29,Missouri,MO,0.0,0.0,0.0,0.0,0.0,0.0,0.0,0.0,0.0,0.0,0.0,0.0,0.0,0.0,0.0,0.0,0.0,0.0,0.0,0.0,0.0,0.0,0.0,0.0,0.0,0.0,0.0,0.0,0.0,0.0,0.0,0.0,0.0,0.0,0.0,0.0,0.0,0.0,0.0,0.0,0.0,0.0,0.0,0.0,0.0,0.0,0.0,0.0,0.0,0.0,0.0,0.0,0.0,0.0,0.0,0.0,0.0,0.0,0.0,0.0,5.157857142857142,3.685,6.058571428571429,6.832142857142857,5.977857142857142,5.756428571428572,5.279999999999999,4.390714285714286,5.760714285714285,4.1,4.97,5.8549999999999995,3.2434736842105267,2.8567368421052617,3.136842105263158,2.837157894736842,2.7499999999999996,2.7053684210526314,3.027894736842105,2.705894736842105,3.4779999999999998,3.5522105263157897,2.436105263157895,2.646105263157895,2.201826923076923,3.426538461538461,2.6627884615384616,1.9378846153846148,1.8202884615384616,2.1955769230769238,1.7481730769230772,1.765769230769231,3.2404807692307704,2.5747115384615387,2.0780769230769236,1.9936538461538467,2.050761904761904,1.6010476190476197,2.126666666666667,1.813238095238095,1.6747619047619053,1.849619047619048,1.8506666666666667,2.0057142857142853,1.7178095238095232,1.7901904761904759,1.3726666666666667,1.6565714285714288,1.2078301886792453,1.5668867924528302,1.6921698113207553,1.276603773584906,1.873962264150943,1.7925471698113211,1.2516981132075475,1.4100943396226417,1.684528301886793,1.486981132075472,1.569433962264151,1.3109433962264154,1.5447169811320758,1.2983962264150946,1.7112222222222226,1.109342105263158,1.401967213114754,2.7974509803921572,1.0074999999999998,1.4989655172413792
31,Nebraska,NE,0.0,0.0,0.0,0.0,0.0,0.0,0.0,0.0,0.0,0.0,0.0,0.0,0.0,0.0,0.0,0.0,0.0,0.0,0.0,0.0,0.0,0.0,0.0,0.0,0.0,0.0,0.0,0.0,0.0,0.0,0.0,0.0,0.0,0.0,0.0,0.0,0.0,0.0,0.0,0.0,0.0,0.0,0.0,0.0,0.0,0.0,0.0,0.0,0.0,0.0,0.0,0.0,0.0,0.0,0.0,0.0,0.0,0.0,0.0,0.0,0.0,0.0,0.0,0.0,0.0,0.0,0.0,0.0,0.0,0.0,0.0,0.0,0.0,0.25333333333333335,0.0,0.9183333333333333,0.47666666666666674,0.0,0.47500000000000003,0.7566666666666667,0.505,0.895,0.0,0.0,0.41818181818181815,0.8450000000000002,0.6349999999999999,0.6827272727272726,0.66,0.6531818181818182,0.9654545454545453,1.0377272727272726,0.9249999999999999,0.9586363636363636,0.8154545454545453,0.9509090909090908,0.425,0.9086363636363637,0.33818181818181814,0.6154545454545454,0.6681818181818181,0.23227272727272724,1.0931818181818183,0.8495454545454546,0.5554545454545454,0.26681818181818184,0.660909090909091,0.8845454545454546,0.3804545454545455,0.3481818181818182,0.5359090909090909,0.29454545454545455,0.8022727272727272,0.6372727272727272,0.8440909090909091,0.5768181818181819,0.87,0.48227272727272724,0.6372727272727273,0.44090909090909086,0.5568181818181818,0.3527272727272727,0.24000000000000002,0.08,0.09428571428571429,0.10153846153846155,0.9016666666666667,0.0
32,Nevada,NV,0.0,0.0,0.0,0.0,0.0,0.0,0.0,0.0,0.0,0.0,0.0,0.0,0.0,0.0,0.0,0.0,0.0,0.0,0.0,0.0,0.0,0.0,0.0,0.0,0.0,0.0,0.0,0.0,0.0,0.0,0.0,0.0,0.0,0.0,0.0,0.0,0.0,0.0,0.0,0.0,0.0,0.0,0.0,0.0,0.0,0.0,0.0,0.0,0.0,0.0,0.0,0.0,0.0,0.0,0.0,0.0,0.0,0.0,0.0,0.0,0.0,0.0,0.0,0.0,0.0,0.0,0.0,0.0,0.0,0.0,0.0,0.0,0.0,0.0,0.0,0.0,0.0,0.0,0.0,0.0,0.0,0.0,0.0,0.0,3.718461538461539,3.3671153846153845,3.8221153846153846,3.5711538461538455,3.237692307692307,12.794999999999998,2.5609615384615387,3.5686538461538455,3.579807692307692,3.505576923076923,3.5223076923076926,3.7675000000000005,3.528461538461539,2.694038461538461,3.3755769230769235,2.9628846153846147,2.447307692307692,6.632884615384615,2.316923076923077,2.4151923076923074,2.2994230769230763,2.643076923076923,2.2701923076923074,2.0269230769230777,1.9636538461538464,1.3069230769230769,2.3998076923076925,1.270769230769231,1.1765384615384615,0.9903846153846152,0.34980769230769226,0.4025000000000001,0.731153846153846,0.44673076923076926,0.38423076923076915,0.2415384615384615,0.40461538461538465,0.4492307692307692,0.7147500000000001,0.5351724137931035,0.4242105263157895,0.9186666666666667,6.198333333333333,0.0
33,New Hampshire,NH,0.0,0.0,0.0,0.0,0.0,0.0,0.0,0.0,0.0,0.0,0.0,0.0,0.0,0.0,0.0,0.0,0.0,0.0,0.0,0.0,0.0,0.0,0.0,0.0,0.0,0.0,0.0,0.0,0.0,0.0,0.0,0.0,0.0,0.0,0.0,0.0,0.0,0.0,0.0,0.0,0.0,0.0,0.0,0.0,0.0,0.0,0.0,0.0,0.0,0.0,0.0,1.38,0.0,1.38,0.0,0.0,0.0,0.0,1.37,1.37,0.0,1.37,1.37,1.37,0.0,0.0,0.0,0.0,0.0,2.72,0.0,0.0,0.5376470588235295,0.31764705882352945,0.4758823529411765,0.38294117647058823,0.5558823529411764,0.6211764705882352,0.621764705882353,0.4035294117647059,0.5223529411764706,1.6570588235294117,1.355294117647059,2.9747058823529406,2.53,2.1094117647058823,2.4011764705882355,2.316470588235294,2.0576470588235294,1.651764705882353,2.6482352941176472,1.0741176470588236,1.362941176470588,1.306470588235294,1.131176470588235,1.5741176470588234,1.275294117647059,1.4611764705882353,1.8576470588235294,1.3135294117647058,1.8194117647058823,1.3576470588235292,1.5588235294117645,1.4911764705882353,0.9158823529411765,1.4811764705882353,1.2358823529411767,1.2288235294117646,0.8882352941176469,1.8288235294117647,1.8800000000000001,2.137058823529412,0.8523529411764706,1.8441176470588236,0.3876470588235294,1.0176470588235293,0.7882352941176469,1.17,0.8476470588235294,0.7988235294117647,0.4664705882352941,0.3252941176470588,0.37250000000000005,0.10600000000000001,0.10600000000000001,0.0,0.0,0.0
34,New Jersey,NJ,0.0,0.0,0.0,0.0,0.0,0.0,0.0,0.0,0.0,0.0,0.0,0.0,0.0,0.0,0.0,0.0,0.0,0.0,0.0,0.0,0.0,0.0,0.0,0.0,0.0,0.0,0.0,0.0,0.0,0.0,0.0,0.0,0.0,0.0,0.0,0.0,0.0,0.0,0.0,0.0,0.0,0.0,0.0,0.0,0.0,0.0,0.0,0.0,0.0,0.0,0.0,0.0,0.0,0.0,0.0,0.0,0.0,0.0,0.0,0.0,0.0,0.0,0.0,0.0,0.0,0.0,0.0,0.0,0.0,0.0,0.0,0.0,0.0,0.0,0.0,0.0,0.0,0.0,0.0,0.0,0.0,0.0,0.0,0.0,1.3638721804511278,1.2798496240601502,2.427894736842103,1.8241353383458638,2.1841353383458646,2.359774436090224,2.993796992481203,2.7743233082706764,2.18954887218045,2.3653383458646613,2.099661654135338,2.5911654135338336,1.81992700729927,2.1098540145985396,2.2410948905109485,2.6294525547445247,2.924270072992701,2.485510948905111,1.9237956204379567,1.846824817518249,1.978941605839416,2.5149635036496343,2.5498175182481746,1.6909854014598542,2.9796727272727273,2.526690909090909,4.3572727272727265,3.5706181818181815,3.8659999999999997,3.858872727272724,3.6201454545454532,4.488327272727272,3.8301454545454545,4.068800000000001,3.3434181818181803,3.0290545454545437,2.7518545454545453,2.555345454545454,3.070622406639004,3.1881363636363638,3.36528205128205,3.127325581395348,2.3612179487179485,2.519366197183098
35,New Mexico,NM,0.0,0.0,0.0,0.0,0.0,0.0,0.0,0.0,0.0,0.0,0.0,0.0,0.0,0.0,0.0,0.0,0.0,0.0,0.0,0.0,0.0,0.0,0.0,0.0,0.0,0.0,0.0,0.0,0.0,0.0,0.0,0.0,0.0,0.0,0.0,0.0,9.325000000000001,3.17,1.605,0.415,1.165,0.405,1.205,0.4,0.0,0.0,0.0,1.0899999999999999,0.0,1.0699999999999998,0.0,0.68,1.04,0.365,0.0,2.695,1.3599999999999999,0.0,0.345,0.69,3.3649999999999998,1.3424999999999998,0.48750000000000004,0.6825,0.48750000000000004,0.0,0.17,0.17,0.48750000000000004,0.6575,0.8025,1.1675,1.0294444444444446,0.6683333333333334,1.9038888888888887,0.7477777777777778,1.1461111111111113,0.6622222222222222,1.4505555555555554,0.4605555555555555,0.6005555555555555,0.831111111111111,0.6855555555555556,0.6555555555555556,0.7294444444444443,0.81,0.5455555555555556,1.2616666666666665,1.1733333333333333,0.5755555555555555,0.9349999999999999,0.5905555555555555,0.7105555555555556,0.42666666666666664,0.8444444444444444,0.7505555555555556,0.7294444444444445,0.6499999999999999,0.5627777777777777,1.143888888888889,2.1744444444444446,0.8066666666666666,0.7888888888888889,0.5,0.4938888888888888,0.4683333333333333,0.8427777777777777,1.7266666666666668,1.1235,1.5445,1.6954999999999998,1.937,1.2105,0.45949999999999996,1.1285,0.9440000000000002,0.8195,0.36150000000000004,0.098,0.05700000000000001,0.24749999999999997,0.05450000000000001,0.12526315789473683,0.31,0.06142857142857143,0.15615384615384617,0.195,0.0
36,New York,NY,0.0,0.0,0.0,0.0,0.0,0.0,0.0,0.0,0.0,0.0,0.0,0.0,0.0,0.0,0.0,0.0,0.0,0.0,0.0,0.0,0.0,0.0,0.0,0.0,0.0,0.0,0.0,0.0,0.0,0.0,0.0,0.0,0.0,0.0,0.0,0.0,0.0,0.0,0.0,0.0,0.0,0.0,0.0,0.0,0.0,0.0,0.0,0.0,0.0,0.0,0.0,0.0,0.0,0.0,0.0,0.0,0.0,0.0,0.0,0.0,0.0,0.0,0.0,0.0,0.0,0.0,0.0,0.0,0.0,0.0,0.0,0.0,0.1592682926829268,0.10121951219512194,0.15146341463414634,0.2890650406504065,0.744308943089431,0.46081300813008125,0.4015447154471545,0.47451219512195125,0.3995934959349594,0.5552845528455286,0.21638211382113823,0.26674796747967483,0.1702456140350877,0.2232280701754386,0.2605263157894737,0.26722807017543854,0.23529824561403515,0.2134035087719298,0.3007719298245614,0.3596842105263158,0.2850877192982456,0.3047719298245613,0.29687719298245613,0.6381754385964912,0.29829861111111117,0.2602777777777777,0.23486111111111116,0.2375694444444444,0.3111458333333333,0.20934027777777783,0.2092013888888889,0.3900347222222223,0.20586805555555557,0.3851736111111111,0.29968749999999994,0.3300347222222222,0.23791666666666667,0.20006944444444447,0.2870486111111111,0.288125,0.2260763888888889,0.2877430555555556,0.2033680555555556,0.5276736111111111,0.2384375,0.2997222222222222,0.1513888888888889,0.17256944444444444,0.16000000000000003,0.1386111111111111,0.07861818181818182,0.14615686274509804,0.0831174089068826,0.08252100840336135,0.11995283018867925,0.03745945945945946
37,North Carolina,NC,0.0,0.0,0.0,0.0,0.0,0.0,0.0,0.0,0.0,0.0,0.0,0.0,0.0,0.0,0.0,0.0,0.0,0.0,0.0,0.0,0.0,0.0,0.0,0.0,0.0,0.0,0.0,0.0,0.0,0.0,0.0,0.0,0.0,0.0,0.0,0.0,0.0,0.0,0.0,0.0,0.0,0.0,0.0,0.0,0.0,0.0,0.0,0.0,0.0,0.0,0.0,0.0,0.0,0.0,0.0,0.0,0.0,0.0,0.0,0.0,0.0,0.0,0.0,0.0,0.0,0.0,0.0,0.0,0.0,0.0,0.0,0.0,3.9363999999999995,2.6844000000000006,3.7552000000000003,3.9288000000000007,4.220000000000001,4.119600000000001,2.494,2.3047999999999997,2.5844,3.2267999999999994,2.6803999999999997,2.4115999999999995,2.2582945736434117,1.9342635658914733,1.995658914728682,1.2496124031007754,1.0169767441860464,1.6900000000000002,1.9165116279069763,1.4913178294573646,1.602403100775194,1.5923255813953485,0.9644961240310077,1.3401550387596897,1.052153846153846,1.056846153846154,1.3587692307692303,1.288153846153846,1.3459999999999999,1.2185384615384613,1.2212307692307693,1.2686923076923073,0.9120769230769232,1.0346923076923076,0.9537692307692308,1.0148461538461537,0.962290076335878,1.0498473282442748,1.1699236641221376,0.9619083969465649,0.8691603053435115,0.7357575757575759,0.9197727272727273,0.9266412213740463,0.8100763358778628,0.886818181818182,0.9665909090909091,0.852671755725191,0.9654961832061069,0.7237121212121214,0.8583838383838385,1.0154794520547947,0.5772727272727274,0.5362222222222222,0.5833333333333334,0.8571428571428571
39,Ohio,OH,0.0,0.0,0.0,0.0,0.0,0.0,0.0,0.0,0.0,0.0,0.0,0.0,0.0,0.0,0.0,0.0,0.0,0.0,0.0,0.0,0.0,0.0,0.0,0.0,0.0,0.0,0.0,0.0,0.0,0.0,0.0,0.0,0.0,0.0,0.0,0.0,0.0,0.0,0.0,0.0,0.0,0.0,0.0,0.0,0.0,0.0,0.0,0.0,0.0,0.0,0.0,0.0,0.0,0.0,0.0,0.0,0.0,0.0,0.0,0.0,11.054230769230768,7.79923076923077,6.868461538461537,7.655384615384616,6.681923076923078,7.215769230769231,5.369615384615385,7.514230769230768,5.805000000000001,7.830384615384616,5.293461538461538,3.117692307692308,4.034100418410042,4.357782426778242,4.213389121338912,4.53468619246862,5.107405857740587,4.936066945606697,4.475230125523011,3.542887029288704,4.222259414225941,6.10284518828452,4.999665271966526,5.558242677824267,5.0552719665271955,4.258200836820083,4.627029288702929,4.396276150627617,4.2783682008368205,4.172803347280335,4.216569037656903,3.6948535564853535,4.24774058577406,3.489121338912134,2.9531380753138072,2.690083682008368,2.71297071129707,2.602259414225941,3.3505439330543947,2.764518828451881,3.7460251046025084,3.5233472803347294,3.142175732217574,3.394811715481172,3.101799163179916,3.13041841004184,2.6495397489539756,2.872970711297071,2.52041841004184,2.7330962343096235,3.6219246861924685,3.1791213389121324,3.6798744769874467,4.377740585774063,3.0958158995815905,3.9555230125523018,3.7923430962343083,3.834225941422593,3.3746861924686193,2.9844769874477004,2.7624267782426775,2.6321338912133885,3.0975757575757576,3.485341614906833,3.6580468749999997,3.976019417475729,3.295824175824175,3.7788750000000015
40,Oklahoma,OK,0.0,0.0,0.0,0.0,0.0,0.0,0.0,0.0,0.0,0.0,0.0,0.0,0.0,0.0,0.0,0.0,0.0,0.0,0.0,0.0,0.0,0.0,0.0,0.0,0.0,0.0,0.0,0.0,0.0,0.0,0.0,0.0,0.0,0.0,0.0,0.0,0.0,0.0,0.0,0.0,0.0,0.0,0.0,0.0,0.0,0.0,0.0,0.0,0.0,0.0,0.0,0.0,0.0,0.0,0.0,0.0,0.0,0.0,0.0,0.0,0.0,0.0,0.0,0.0,0.0,0.0,0.0,0.0,0.0,0.0,0.0,0.0,2.4717142857142864,1.9794285714285715,1.8882857142857143,1.832571428571429,2.0302857142857142,3.2152857142857143,1.9722857142857146,2.094,1.3848571428571428,2.1859999999999995,1.3035714285714288,2.403142857142857,1.6866666666666665,2.072638888888889,2.4340277777777772,1.9498611111111108,1.612222222222223,3.7388888888888894,2.011527777777778,1.35375,0.7381944444444444,0.8836111111111111,0.5259722222222223,1.7313888888888886,1.3477777777777777,1.817638888888889,1.6311111111111112,1.3370833333333332,1.31125,0.9952777777777777,1.3880555555555556,1.2806944444444448,1.3591666666666664,1.0313888888888887,0.9830555555555556,1.0158333333333334,1.646388888888889,2.301944444444444,2.4027777777777777,2.2025,1.9473611111111115,2.05111111111111,1.8894444444444451,2.83375,1.8673611111111117,2.590694444444445,2.314861111111111,1.3891666666666669,2.079861111111111,1.9015277777777786,1.7316949152542374,1.4381818181818184,1.9230000000000003,1.9869999999999997,2.0275,1.2776923076923077
41,Oregon,OR,0.0,0.0,0.0,0.0,0.0,0.0,0.0,0.0,0.0,0.0,0.0,0.0,0.0,0.0,0.0,0.0,0.0,0.0,0.0,0.0,0.0,0.0,0.0,0.0,0.0,0.0,0.0,0.0,0.0,0.0,0.0,0.0,0.0,0.0,0.0,0.0,0.0,0.0,0.0,0.0,0.0,0.0,0.0,0.0,0.0,0.0,0.0,0.0,0.0,0.0,0.0,0.0,0.0,0.0,0.0,0.0,0.0,0.0,0.0,0.0,0.0,0.0,0.0,0.0,0.0,0.0,0.0,0.0,0.0,0.0,0.0,0.0,2.035833333333333,1.9878333333333336,2.462999999999999,1.6321666666666663,2.403,1.8645,2.241,2.2415000000000003,2.227,2.281666666666667,1.871,2.697333333333334,2.455833333333333,2.7185,2.9198333333333335,2.403666666666666,2.0421666666666662,2.2155,1.8245,1.9183333333333334,1.9561666666666668,2.004,1.4476666666666667,1.8801666666666665,1.6290000000000002,1.774,1.3166666666666664,1.5646666666666664,1.7850000000000001,2.0235000000000003,1.923166666666667,2.891833333333333,1.624166666666667,1.4845000000000004,1.830833333333333,1.5476666666666667,1.4462295081967216,1.1742622950819672,1.031311475409836,1.1901639344262298,1.3695081967213116,1.7390163934426228,1.418032786885246,1.6568852459016394,1.5914754098360655,2.1685245901639343,1.7519672131147541,1.2173770491803282,1.832622950819672,1.65344262295082,1.476875,0.7288235294117648,0.713103448275862,0.33649999999999997,0.3711764705882353,0.492
42,Pennsylvania,PA,0.0,0.0,0.0,0.0,0.0,0.0,0.0,0.0,0.0,0.0,0.0,0.0,0.0,0.0,0.0,0.0,0.0,0.0,0.0,0.0,0.0,0.0,0.0,0.0,0.0,0.0,0.0,0.0,0.0,0.0,0.0,0.0,0.0,0.0,0.0,0.0,0.0,0.0,0.0,0.0,0.0,0.0,0.0,0.0,0.0,0.0,0.0,0.0,0.0,0.0,0.0,0.0,0.0,0.0,0.0,0.0,0.0,0.0,0.0,0.0,0.0,0.0,0.0,0.0,0.0,0.0,0.0,0.0,0.0,0.0,0.0,0.0,0.8912962962962964,2.2494444444444444,4.426666666666668,3.64537037037037,2.9864814814814817,3.9679629629629627,4.096851851851851,7.539074074074073,4.863518518518517,6.216296296296297,3.5001851851851855,3.213333333333333,3.056404494382023,2.710074906367041,2.744531835205993,3.2218352059925093,2.714494382022472,3.975280898876405,3.178876404494381,2.666404494382022,3.018352059925094,3.1161048689138573,1.9211610486891384,2.402883895131086,2.4205992509363297,1.8187640449438205,1.9212734082397005,1.6695505617977526,2.130374531835206,2.027752808988764,2.201086142322097,1.9095505617977522,1.80569288389513,1.2743071161048687,1.7909363295880147,2.4297752808988773,2.4873234200743495,2.0410408921933074,3.0366542750929373,2.0270631970260213,2.0286988847583647,2.9202602230483277,2.5917472118959113,2.853308550185874,2.4239033457249066,1.8920446096654269,2.1511524163568776,1.452156133828996,2.014109090909091,2.160472727272727,1.6451388888888896,1.2221739130434786,1.2363358778625952,2.298348623853211,1.7878571428571433,1.3019999999999998
44,Rhode Island,RI,0.0,0.0,0.0,0.0,0.0,0.0,0.0,0.0,0.0,0.0,0.0,0.0,0.0,0.0,0.0,0.0,0.0,0.0,0.0,0.0,0.0,0.0,0.0,0.0,0.0,0.0,0.0,0.0,0.0,0.0,0.0,0.0,0.0,0.0,0.0,0.0,0.0,0.0,0.0,0.0,0.0,0.0,0.0,0.0,0.0,0.0,0.0,0.0,0.0,0.0,0.0,0.0,0.0,0.0,0.0,0.0,0.0,0.0,0.0,0.0,0.0,0.0,0.0,0.0,0.0,0.0,0.0,0.0,0.0,0.0,0.0,0.0,0.0,0.0,0.0,0.0,0.0,0.0,0.0,0.0,0.0,0.0,0.0,0.0,2.1872222222222217,2.668611111111111,3.7030555555555558,3.235555555555556,2.7280555555555557,0.8988888888888886,1.4222222222222218,1.0597222222222225,2.0022222222222212,1.0025000000000002,1.7666666666666664,2.8419444444444455,2.847837837837838,2.595945945945947,2.778378378378378,3.450270270270271,3.0467567567567566,2.3656756756756763,1.4913513513513514,3.0478378378378377,2.71972972972973,2.053783783783784,1.2978378378378377,1.8435135135135134,1.54025,1.12325,1.8937499999999996,1.2802499999999997,1.7582499999999999,2.1037500000000002,2.5847500000000005,2.16325,2.686,1.70025,1.89025,0.89125,1.4342499999999998,1.2815,0.9203030303030304,1.5040000000000002,1.1181818181818182,1.862727272727273,0.5983333333333333,5.5975
45,South Carolina,SC,0.0,0.78,0.0,0.0,0.0,1.08,1.3775,1.2575,0.6,1.3624999999999998,3.3925,0.0,1.2,2.2925,1.2349999999999999,0.0,1.055,2.4075,0.6,0.0,0.3,0.3,0.3,1.8375,1.525,0.3,0.0,3.0075000000000003,1.22,0.7425,0.475,1.3625,0.3,0.3,0.6,4.83,1.2976923076923075,2.5492307692307694,0.6992307692307692,2.152307692307692,1.7123076923076925,0.8807692307692309,2.23,1.23,0.9230769230769231,0.7684615384615383,1.0199999999999998,0.9784615384615384,1.2361538461538462,1.666923076923077,0.8784615384615384,0.5623076923076924,0.6392307692307693,0.33153846153846156,0.5238461538461539,0.39538461538461545,0.966923076923077,1.4215384615384616,1.6753846153846155,1.0269230769230768,0.7947368421052631,0.7889473684210525,1.3942105263157893,1.4052631578947368,1.2852631578947369,0.8105263157894737,0.18842105263157896,0.5978947368421054,0.33789473684210525,0.2931578947368421,0.3347368421052631,4.0542105263157895,1.453835616438356,2.4697260273972605,2.6852054794520543,1.8671232876712327,1.382054794520548,1.3682191780821917,0.904246575342466,1.3310958904109589,1.5561643835616439,2.1386301369863006,1.4578082191780821,1.6723287671232878,1.5846052631578944,1.6977631578947365,1.595263157894737,1.1736842105263159,0.7163157894736841,0.917105263157895,0.9398684210526317,0.8132894736842108,0.6351315789473682,0.9332894736842107,0.6603947368421053,0.8996052631578948,0.9216249999999999,1.7686249999999997,1.5689999999999997,0.719125,1.1172499999999999,1.0625000000000002,0.7975,1.7147500000000004,1.032875,1.0323749999999998,0.8466250000000001,1.9870000000000005,2.2766666666666673,1.3060493827160495,1.8644444444444441,1.0339506172839505,0.9681481481481483,0.9400000000000001,0.8202469135802469,0.8937037037037037,1.2813580246913585,1.2591358024691357,0.9956790123456791,1.6237037037037039,1.2093827160493826,1.2744444444444443,1.6969999999999998,1.03,0.5229411764705882,0.41833333333333333,0.14800000000000002,0.0626086956521739
47,Tennessee,TN,0.0,0.0,0.0,0.0,0.0,0.0,0.0,0.0,0.0,0.0,0.0,0.0,0.0,0.0,0.0,0.0,0.0,0.0,0.0,0.0,0.0,0.0,0.0,0.0,0.0,0.0,0.0,0.0,0.0,0.0,0.0,0.0,0.0,0.0,0.0,0.0,0.0,0.0,0.0,0.0,0.0,0.0,0.0,0.0,0.0,0.0,0.0,0.0,0.0,0.0,0.0,0.0,0.0,0.0,0.0,0.0,0.0,0.0,0.0,0.0,0.0,0.20666666666666667,0.0,0.0,0.0,0.0,0.0,0.0,0.0,0.0,0.0,0.0,2.3431428571428565,1.6516190476190473,1.8964761904761895,2.3197142857142863,2.2661904761904763,1.6255238095238094,1.8361904761904768,1.9446666666666663,2.075142857142857,2.0780952380952376,1.481904761904762,1.9015238095238094,1.783818181818181,1.8209090909090906,2.593181818181818,2.049363636363637,1.5414545454545456,2.1082727272727277,1.9944545454545453,1.859363636363636,1.5843636363636362,1.8289090909090913,1.914181818181818,1.627545454545455,1.2384545454545457,1.1221818181818184,1.3439090909090907,0.8585454545454544,1.178818181818182,0.9151818181818182,1.2885454545454547,1.0750000000000002,0.8697272727272728,1.0975454545454546,1.328818181818182,1.0663636363636364,1.1636363636363636,0.9228181818181814,1.1126363636363636,1.0809090909090908,1.037818181818182,1.197545454545455,0.587090909090909,0.9793636363636364,0.9572727272727272,1.1134545454545453,0.5205454545454544,0.6059090909090908,1.0936363636363637,0.7076363636363636,0.9363736263736262,0.7843243243243244,0.5956716417910448,0.8637037037037035,0.4714583333333333,0.493
48,Texas,TX,0.0,0.0,0.0,0.0,0.0,0.0,0.0,0.0,0.0,0.0,0.0,0.0,0.0,0.0,0.0,0.0,0.0,0.0,0.0,0.0,0.0,0.0,0.0,0.0,0.0,0.0,0.0,0.0,0.0,0.0,0.0,0.0,0.0,0.0,0.0,0.0,0.0,0.0,0.0,0.0,0.0,0.0,0.0,0.0,0.0,0.0,0.0,0.0,0.0,0.0,0.0,0.0,0.0,0.0,0.0,0.0,0.0,0.0,0.0,0.0,0.0,0.0,0.0,0.0,0.0,0.0,0.0,0.0,0.0,0.0,0.0,0.0,1.5405722891566258,1.155301204819277,1.2598493975903615,1.255722891566265,1.5272590361445781,1.15921686746988,1.257409638554217,0.8872289156626504,1.1997891566265062,1.2340662650602403,1.2805722891566265,1.3901807228915661,1.5130290456431534,1.089854771784233,1.190995850622407,1.2506846473029045,1.0678215767634855,0.7798547717842319,0.9106224066390041,0.6684647302904564,0.8207261410788382,1.079792531120332,0.7818672199170125,0.9878215767634851,1.0374896265560163,0.739771784232365,0.7144605809128627,0.7381120331950208,0.6360580912863069,0.6751037344398341,0.46460580912863086,0.49377593360995853,0.646473029045643,0.3134854771784233,0.4496680497925312,0.6452074688796683,0.6030927835051545,0.506144329896907,0.48453608247422675,0.4181237113402061,0.5546597938144331,0.5957938144329898,0.40748453608247415,0.45849484536082474,0.3082474226804125,0.3434845360824742,0.3032989690721651,0.289979381443299,0.39812371134020624,0.4051134020618556,0.284961439588689,0.17566455696202532,0.2384671532846715,0.316880341880342,0.23733990147783254,0.32999999999999996
49,Utah,UT,0.0,0.0,0.0,0.0,0.0,0.0,0.0,0.0,0.0,0.0,0.0,0.0,0.0,0.0,0.0,0.0,0.0,0.0,0.0,0.0,0.0,0.0,0.0,0.0,0.0,0.0,0.0,0.0,0.0,0.0,0.0,0.0,0.0,0.0,0.0,0.0,0.0,0.0,0.0,0.0,0.0,0.0,0.0,0.0,0.0,0.0,0.0,0.0,0.0,0.0,0.0,0.0,0.0,0.0,0.0,0.0,0.0,0.0,0.0,0.0,0.0,0.0,0.0,0.0,0.0,0.0,0.0,0.0,0.0,0.0,0.0,0.0,1.4673809523809525,1.1371428571428572,1.0273809523809523,1.2826190476190475,0.6414285714285713,1.296904761904762,1.2900000000000003,1.347142857142857,0.7595238095238096,1.1273809523809522,0.6785714285714286,1.2230952380952382,1.1111475409836062,0.5134426229508197,0.5957377049180328,0.8644262295081967,0.5599999999999999,0.9409836065573771,0.681639344262295,0.7834426229508197,1.0278688524590167,0.6342622950819672,0.4840983606557377,0.5162295081967214,0.6541269841269841,0.5758730158730159,0.4331746031746031,0.5296825396825396,0.46555555555555556,0.3055555555555555,0.1458730158730159,0.5404761904761906,0.4674603174603174,0.44793650793650797,0.37952380952380954,0.22666666666666668,0.3934920634920635,0.21301587301587302,0.27015873015873015,0.42269841269841274,0.31603174603174605,0.2693650793650794,0.22857142857142854,0.2914285714285714,0.3611111111111111,0.2611111111111111,0.39476190476190476,0.4614285714285714,0.5361904761904762,0.30126984126984124,0.12981481481481483,0.09653061224489796,0.07116279069767444,0.0,0.0,0.055999999999999994
51,Virginia,VA,0.0,0.0,0.0,0.0,0.0,0.0,0.0,0.0,0.0,0.0,0.0,0.0,0.0,0.0,0.0,0.0,0.0,0.0,0.0,0.0,0.0,0.0,0.0,0.0,0.0,0.0,0.0,0.0,0.0,0.0,0.0,0.0,0.0,0.0,0.0,0.0,0.0,0.0,0.0,0.0,0.0,0.0,0.0,0.0,0.0,0.0,0.0,0.0,0.0,0.0,0.0,0.0,0.0,0.0,0.0,0.0,0.0,0.0,0.0,0.0,0.0,0.0,0.0,0.0,0.0,0.0,0.0,0.0,0.0,0.0,0.0,0.0,2.153829787234043,1.9195744680851063,2.0434042553191487,2.5459574468085107,1.6448936170212762,1.622127659574468,1.828085106382979,1.8668085106382977,2.0551063829787233,3.004893617021276,3.5274468085106387,3.5261702127659578,3.508364779874215,2.173962264150943,2.6963522012578616,2.666163522012578,2.012389937106917,2.0380503144654085,2.66006289308176,2.722264150943395,2.294905660377358,2.374088050314467,2.536729559748428,2.4569811320754713,2.6205625000000006,2.8286875,3.0654375000000007,2.0900624999999997,2.1331874999999996,2.0170625,2.3706250000000013,1.8370625,2.2556875,2.1763750000000006,2.293062500000001,2.0786875,1.5668098159509203,1.2674846625766876,1.7410429447852767,1.762208588957056,2.134478527607363,2.1682822085889573,1.9900613496932515,1.9163803680981593,1.9841717791411047,1.8700613496932512,1.386851851851852,1.7121604938271606,1.8833742331288343,1.880552147239264,2.278041958041958,1.7996521739130438,2.176601941747574,1.7782758620689656,2.5719117647058822,2.373035714285714
53,Washington,WA,0.0,0.0,0.0,0.0,0.0,0.0,0.0,0.0,0.0,0.0,0.0,0.0,0.0,0.0,0.0,0.0,0.0,0.0,0.0,0.0,0.0,0.0,0.0,0.0,0.0,0.0,0.0,0.0,0.0,0.0,0.0,0.0,0.0,0.0,0.0,0.0,0.0,0.0,0.0,0.0,0.0,0.0,0.0,0.0,0.0,0.0,0.0,0.0,0.0,0.0,0.0,0.0,0.0,0.0,0.0,0.0,0.0,0.0,0.0,0.0,2.62,0.0,0.0,2.62,0.0,2.62,2.62,0.0,5.24,0.0,2.62,0.0,2.826194690265486,2.096548672566372,1.7776991150442478,2.136194690265487,2.390973451327434,2.041858407079646,2.2958407079646017,2.141238938053098,2.083451327433628,2.7738053097345134,2.0669911504424787,2.713451327433628,2.4543283582089557,1.8174626865671644,1.8825373134328358,1.8444029850746273,1.4215671641791046,1.9497761194029855,2.108880597014925,1.5689552238805968,1.7025373134328357,1.2982835820895522,1.1141044776119398,1.1450746268656715,1.3564179104477614,1.5817164179104473,1.5150000000000003,1.4838059701492543,1.391567164179104,1.3335820895522388,1.117238805970149,1.2047761194029847,1.4186567164179102,1.3800000000000003,1.1555223880597016,1.1164925373134327,1.0016296296296294,0.7383703703703703,0.9714074074074075,0.934074074074074,0.7984444444444445,0.8279259259259258,0.6735555555555554,1.0067407407407403,0.5126666666666667,0.761259259259259,0.45459259259259255,0.30770370370370376,0.6044444444444446,0.8080000000000003,0.8835576923076923,0.5543750000000001,0.5113333333333333,0.36469387755102045,0.1834146341463415,0.2682857142857143
54,West Virginia,WV,0.0,0.0,0.0,0.0,0.0,0.0,0.0,0.0,0.0,0.0,0.0,0.0,0.0,0.0,0.0,0.0,0.0,0.0,0.0,0.0,0.0,0.0,0.0,0.0,0.0,0.0,0.0,0.0,0.0,0.0,0.0,0.0,0.0,0.0,0.0,0.0,0.0,0.0,0.0,0.0,0.0,0.0,0.0,0.0,0.0,0.0,0.0,0.0,0.0,0.0,0.0,0.0,0.0,0.0,0.0,0.0,0.0,0.0,0.0,0.0,0.0,0.0,0.0,0.0,0.0,0.0,0.0,0.0,0.0,0.0,0.0,0.0,0.4275,0.0,1.1875,1.19,3.3925,1.6124999999999998,1.615,3.62,0.465,0.84,1.7349999999999999,2.3025,0.0,0.0,0.0,1.6,0.0,0.0,0.0,1.1125,1.5975000000000001,1.195,0.0,0.0,0.0,0.4825,0.0,0.0,1.1075,1.5924999999999998,0.4125,0.4775,0.4125,0.0,0.82,0.41,0.0,1.5724999999999998,0.0,0.0,0.475,0.0,0.0,0.4075,0.0,0.4075,0.0,1.1625,0.475,0.0,0.0,0.0,0.0,0.0,0.0,0.0
55,Wisconsin,WI,0.0,0.0,0.0,0.0,0.0,0.0,0.0,0.0,0.0,0.0,0.0,0.0,0.0,0.0,0.0,0.0,0.0,0.0,0.0,0.0,0.0,0.0,0.0,0.0,0.0,0.0,0.0,0.0,0.0,0.0,0.0,0.0,0.0,0.0,0.0,0.0,0.0,0.0,0.0,0.0,0.0,0.0,0.0,0.0,0.0,0.0,0.0,0.0,0.0,0.0,0.0,0.0,0.0,0.0,0.0,0.0,0.0,0.0,0.0,0.0,3.4893333333333336,1.7693333333333336,2.402,1.8533333333333333,2.4560000000000004,1.4853333333333332,3.5899999999999994,2.576666666666667,2.429333333333333,1.1633333333333333,0.5346666666666666,1.2733333333333334,4.167575757575758,3.175151515151515,2.9703030303030302,3.3272727272727276,3.8887878787878782,3.1609090909090916,4.086818181818182,2.8051515151515147,3.0806060606060606,4.943787878787881,2.471666666666667,2.775000000000001,2.282878787878788,2.755,3.1154545454545453,2.5524242424242427,1.5166666666666668,2.498181818181818,2.10909090909091,1.1712121212121214,2.3260606060606053,2.8069696969696962,2.636363636363636,2.6413636363636375,1.8248000000000002,2.829866666666667,3.2418666666666676,1.8072000000000004,2.6679999999999997,2.444666666666667,2.4750666666666667,2.2108000000000003,2.5492000000000004,2.1572000000000005,1.8168000000000002,1.337866666666667,1.024,1.0507999999999997,2.2828,1.3149333333333333,1.0960000000000003,1.7434666666666665,1.1757333333333335,1.091066666666667,0.9971999999999999,1.6596000000000002,1.5506666666666669,0.9145333333333334,1.0438666666666663,1.1777333333333333,0.914590163934426,1.026122448979592,0.8909999999999998,1.4225714285714286,1.270344827586207,0.7478947368421053
