topo_id,state,abbreviation,2010-01,2010-02,2010-03,2010-04,2010-05,2010-06,2010-07,2010-08,2010-09,2010-10,2010-11,2010-12,2011-01,2011-02,2011-03,2011-04,2011-05,2011-06,2011-07,2011-08,2011-09,2011-10,2011-11,2011-12,2012-01,2012-02,2012-03,2012-04,2012-05,2012-06,2012-07,2012-08,2012-09,2012-10,2012-11,2012-12,2013-01,2013-02,2013-03,2013-04,2013-05,2013-06,2013-07,2013-08,2013-09,2013-10,2013-11,2013-12,2014-01,2014-02,2014-03,2014-04,2014-05,2014-06,2014-07,2014-08,2014-09,2014-10,2014-11,2014-12,2015-01,2015-02,2015-03,2015-04,2015-05,2015-06,2015-07,2015-08,2015-09,2015-10,2015-11,2015-12,2016-01,2016-02,2016-03,2016-04,2016-05,2016-06,2016-07,2016-08,2016-09,2016-10,2016-11,2016-12,2017-01,2017-02,2017-03,2017-04,2017-05,2017-06,2017-07,2017-08,2017-09,2017-10,2017-11,2017-12,2018-01,2018-02,2018-03,2018-04,2018-05,2018-06,2018-07,2018-08
2,Alaska,AK,274036.1,277230.0,277326.6666666667,282388.06666666665,281028.125,276871.84375,274362.5,273353.78125,271731.25,269907.5625,266018.6875,258041.17647058822,256503.5588235294,258326.08823529413,259480.88235294117,259080.64705882352,266000.0,264547.0,264397.0588235294,263749.9411764706,264658.82352941175,263476.4705882353,259426.4705882353,259658.82352941178,260829.41176470587,258852.9411764706,256009.86111111112,261475.0,261747.91666666666,270331.5789473684,266517.1052631579,265928.94736842107,264107.8947368421,260426.84210526315,258056.18421052632,260518.3947368421,260696.8947368421,265255.2631578947,270005.2631578947,269648.2894736842,274771.05263157893,272868.4210526316,271594.7368421053,270839.4736842105,272097.36842105264,273376.3157894737,269318.36842105264,271747.36842105264,272402.63157894736,275266.5789473684,278476.3157894737,280491.3157894737,284811.25,285430.0,286792.85714285716,282990.4761904762,279673.78571428574,275785.6904761905,272396.4285714286,273961.88095238095,276910.45454545453,282431.8181818182,284517.2272727273,292593.1818181818,290710.45454545453,287398.8043478261,289456.0869565217,289451.6304347826,289947.6875,286766.0416666667,287907.2916666667,289770.0,286188.0,287567.98,287904.0,288291.3461538461,288881.0961538461,288384.6153846154,286061.53846153844,286030.76923076925,288223.07692307694,285067.28846153844,286050.0,281894.8461538461,280406.73076923075,281694.23076923075,282853.8461538461,289587.5,293237.0,291791.0714285714,290481.25,291858.75,292545.5,287598.125,283854.46428571426,282198.78571428574,282194.625,284931.23214285716,287755.0714285714,292962.5,293607.14285714284,295669.0,296116.0714285714,295439.28571428574
1,Alabama,AL,188337.13551401868,187864.07476635513,187173.761682243,183167.19907407407,182431.26388888888,181704.53703703705,180428.78703703705,179656.63888888888,178971.09633027524,178058.4266055046,177412.24311926606,175498.76605504588,174725.44495412844,173459.91743119265,173912.2,173629.8,174604.7162162162,173933.42857142858,174124.45982142858,172179.4017857143,172900.5580357143,170901.4115044248,169932.87168141594,167939.07894736843,167665.28070175438,167074.18695652173,167957.47391304348,168191.8304347826,167643.18376068375,168366.61965811966,167795.86864406778,168315.56722689077,167555.52066115703,167424.18595041323,167534.77685950414,167781.5,167100.37704918033,168567.85655737706,169688.3130081301,172597.08536585365,173366.864,173309.24,174770.4,173442.8203125,173953.78515625,173863.0234375,173711.52713178293,173348.8923076923,173029.5534351145,174258.81203007518,175070.66917293234,175067.72962962964,176064.61029411765,177636.10294117648,175680.61678832117,175502.1726618705,174797.71582733814,173077.93262411348,172983.7867132867,170608.47569444444,174611.2294520548,174363.9081632653,175853.8605442177,176962.96283783784,176304.13157894736,175922.98039215687,176412.50980392157,176282.43181818182,178288.04193548387,178495.58653846153,177541.59554140127,178357.21974522292,178641.94936708861,177489.075,180132.53963414635,183612.90303030302,183620.06845238095,185781.24269005848,186118.33333333334,185767.41379310345,184976.59142857144,184783.41193181818,185567.46875,185522.07102272726,187128.03672316385,186825.06983240222,187009.47237569062,188835.74590163934,190156.307486631,190431.5052910053,190816.8394736842,189058.36855670103,187603.961928934,187294.7233502538,187755.49492385786,187497.423857868,188112.80710659898,188495.82994923857,190078.26903553298,193199.86040609138,194406.28934010153,194925.7157360406,194708.9467005076,195621.23096446702
5,Arkansas,AR,159239.3650793651,158150.09523809524,157768.74603174604,156860.70634920636,159096.17460317462,159313.15873015873,158699.26984126985,158222.6984126984,156376.2619047619,155846.0158730159,155352.5873015873,152712.6984126984,151652.92063492062,150991.42857142858,151405.05555555556,152034.765625,153397.578125,153381.5625,153510.703125,154362.109375,154321.84615384616,152724.16153846154,153143.9393939394,153314.76119402985,152837.31343283583,153100.58955223882,154146.97014925373,156748.86764705883,157271.63571428572,157383.12142857144,156695.85714285713,154720.9357142857,152929.38571428572,152719.33571428573,151833.8142857143,151361.5,151599.7394366197,153030.15277777778,153665.17361111112,154521.8581081081,154467.2972972973,155181.4391891892,154924.49324324325,153421.29054054053,153364.6891891892,152591.52027027027,151180.13513513515,151657.6081081081,150434.56666666668,149625.98666666666,150651.09333333332,152518.24,153008.80921052632,154743.03246753247,156137.1794871795,156095.91025641025,155066.45512820513,154898.62179487178,154079.20512820513,153898.0,154776.33333333334,156491.64743589744,158560.48076923078,159894.59615384616,162368.53205128206,164237.25316455695,164038.13924050634,161885.6875,159444.0987654321,160642.0481927711,160790.23493975904,159866.45238095237,160165.8392857143,160472.43604651163,161906.86363636365,162250.13333333333,163557.31666666668,165037.21666666667,165719.03296703298,165056.68279569893,165547.77956989247,163530.02659574468,163591.95744680852,165637.41578947369,165512.5,164134.4595959596,165723.5,171723.8786407767,173132.4223300971,175520.30952380953,175048.05188679244,173450.05660377358,173749.59345794393,173711.7429906542,174465.84112149532,174711.53738317758,175170.261682243,175288.34112149532,175891.82242990655,175432.54205607477,174997.1214953271,176315.84112149532,176038.6168224299,177874.45327102803
4,Arizona,AZ,259951.1150793651,257748.50396825396,254700.31746031746,252817.1865079365,247331.69444444444,241828.32936507938,240790.18897637795,239257.4765625,234116.31640625,234267.07421875,231931.88759689924,228998.82945736434,225940.06976744186,224408.2480620155,223813.80620155038,220355.65891472867,221165.63953488372,220934.76744186046,218675.42248062015,217987.50387596898,218393.21705426357,219382.47286821707,219854.56589147286,221531.13565891472,224033.67829457365,225988.46511627908,228252.05813953487,231645.91472868217,235160.11627906977,237893.23846153845,237091.35606060605,236931.99626865672,239493.6791044776,241068.5888888889,243557.89338235295,245017.63768115942,249168.84285714285,252704.4,254099.87152777778,257182.80821917808,257002.0,255619.6560509554,254735.92236024846,253917.5030120482,254107.81360946747,252947.4655172414,248469.96153846153,249272.74731182796,247161.84473684212,246929.64659685863,247987.94791666666,248237.3469387755,249224.37055837564,250525.03768844221,248450.02722772278,247948.18564356436,248021.2731707317,249572.23414634148,249569.8,251037.63658536586,251592.24390243902,252731.9804878049,254693.24390243902,256025.42028985507,258205.1618357488,260015.07932692306,258400.81904761904,261094.58530805688,263358.2405660377,264832.50471698114,266238.06807511736,266132.5023474178,266446.77803738316,267391.22196261684,268083.6378504673,270312.7023255814,272014.90277777775,273320.8449074074,272579.31566820276,272095.83027522935,274287.4518348624,276706.93807339447,278478.5616438356,279138.1598173516,280042.49772727274,281163.42272727273,284011.8386363636,286655.5045454545,289321.3568181818,288971.0659090909,288490.9301801802,288076.6875,288634.78348214284,289667.72,291632.6488888889,292325.71555555554,293936.62888888887,295787.35777777777,296593.87555555557,298582.1022222222,300579.10444444447,301143.7133333333,301706.9088888889,302607.1533333333
6,California,CA,439534.28317535546,434727.366745283,431413.1733021077,430828.5327868852,431985.88056206086,430196.1471962617,427640.80724299065,428736.148364486,421357.7593457944,417618.35397196264,414859.8644859813,408181.9300699301,404265.57575757575,401685.0093023256,403493.40951276105,402342.29099307157,403839.69770114945,403303.87586206896,402972.75057471264,400130.08850574715,395779.4310344828,392200.00229885057,388062.616091954,385194.6356321839,383805.4598623853,386002.3627002288,390837.04347826086,395203.06392694067,402635.7284090909,406415.7183257919,411127.3735891648,413508.24774774775,420334.8752808989,424214.3713646532,430085.4620535714,435736.140625,443971.1252771619,455237.7943107221,466001.2392703863,483362.2463312369,494331.5092783505,503535.2434343434,504923.9753451677,503539.2011494253,506827.76981132076,499659.065647482,495111.2617801047,494565.96355932206,490000.4276422764,489229.6138147567,486867.1802147239,490113.36842105264,490110.49776785716,490777.66497093026,495253.87806637806,493576.4366906475,494110.272467903,493303.70454545453,491180.04178470257,494056.73799435026,497691.6542776999,499182.20068027213,512174.58827493264,518929.57419786096,526993.8039735099,527994.7660972405,531306.4902088773,540387.3484455958,541476.3009020619,546395.6471722365,547458.5937098844,553632.483974359,560853.8711928934,569206.7474811083,575588.9127182044,579913.2713226206,583797.8937346437,589544.912377451,590215.0250917992,594289.5796836982,596294.9381818182,601357.3518742443,603501.4558645707,612248.623039807,613725.3415366147,616579.7743467933,621843.1487603306,629617.6837806301,634829.2389791183,637692.1825028969,639740.3348783314,640387.7212643678,642939.9592422503,645968.0034324942,650448.7202517162,654747.1962242563,659105.0943935927,662906.073798627,665623.992562929,670458.9164759725,676389.5223112128,678443.5663615561,678621.4942791762,677694.2671624714
8,Colorado,CO,263805.7761904762,262523.9380952381,259475.4619047619,258608.34285714285,259124.37619047618,259307.63333333333,258571.97619047618,260726.55238095237,255082.76886792452,252966.03738317758,251567.5,246317.51401869158,244342.55140186916,242233.1495327103,241641.761682243,242094.55140186916,245067.67289719626,244409.75,245062.41666666666,245512.3287037037,245298.49074074073,245789.7685185185,243360.9351851852,241537.5185185185,240379.93055555556,242652.28440366974,247474.21818181817,250872.8818181818,254114.6181818182,255964.62727272726,256478.0,256863.3909090909,256443.2409090909,257210.84545454546,258651.88392857142,257489.92857142858,259723.92857142858,261685.5347826087,267573.04273504275,272777.73728813557,277069.5875,277859.80165289255,278013.76639344264,278914.881147541,285338.84146341466,283937.4233870968,286667.75,286511.288,287723.61904761905,294717.23622047243,296799.54296875,300074.8023255814,300782.072519084,305734.8977272727,306816.9318181818,309958.01515151514,312890.94696969696,313418.1628787879,314012.25757575757,317371.01136363635,324508.69029850746,324907.86330935254,326481.8085106383,331932.90845070424,335518.6875,338025.3116438356,357338.76666666666,366333.4900662252,369805.2927631579,371562.0361842105,376659.9709677419,384688.667721519,387486.72012578615,390173.10802469135,389767.8076923077,392622.7911764706,396224.387283237,410618.1657142857,408919.71186440677,404723.03370786516,408553.4441340782,411793.72625698324,417106.61666666664,418696.9889502762,424142.37362637365,425211.8451086957,428193.79679144383,438283.0677083333,438392.34278350516,436274.56783919595,439664.83165829146,440830.86815920396,444289.10643564357,446471.0911330049,448092.2315270936,454229.7881773399,455078.43596059113,456877.7709359606,457119.8793103448,457161.99261083745,458553.8078817734,459323.263546798,459314.69950738916,455045.1896551724
9,Connecticut,CT,366611.53658536583,366817.70967741933,365677.625,362328.71774193546,359486.068,357633.584,352477.576,352342.284,346484.996,345879.228,343231.03571428574,339042.53571428574,341161.61904761905,337764.12598425196,337686.29527559056,337889.74803149607,339632.05118110235,339901.5236220473,336810.35826771654,335499.4094488189,331916.7244094488,330287.08267716534,345974.5234375,343606.5625,341981.140625,341487.54296875,343398.015625,343391.77734375,348115.3984375,347372.59375,345689.5078125,341224.8828125,346070.328125,348037.2421875,349719.5968992248,346938.23255813954,347575.1076923077,352545.1,349854.7328244275,350490.4812030075,356829.4776119403,358002.19402985077,357743.44402985077,356560.6156716418,358327.1641791045,359403.30970149254,358205.55597014923,357135.54814814817,360117.5777777778,364381.79044117645,358384.75179856113,360526.7985611511,360030.1330935252,359674.1402877698,358682.25179856113,356277.8273381295,355826.21223021584,354506.86330935254,353381.1510791367,354625.23741007195,361238.4496402878,363432.60714285716,361463.71428571426,375342.9270833333,374473.8172413793,373200.29655172414,374797.3275862069,373669.85172413796,373958.36551724136,371249.9275862069,369893.04827586206,369295.3275862069,367459.9275862069,371827.5034246575,374304.5479452055,387555.2789115646,387798.1768707483,387485.17346938775,391447.5337837838,390101.74324324325,407704.8657718121,402361.60067114094,404455.8791946309,400957.42953020136,402132.23154362413,413416.1052631579,412772.8677419355,410483.06050955417,408211.8417721519,404761.4716981132,405075.1635220126,401934.5440251572,402197.96875,398692.971875,397499.059375,395877.2875,397550.665625,399282.58125,401541.025,402191.9625,401424.303125,402425.175,400527.89375,398836.271875
11,District of Columbia,DC,351953.9285714286,357557.14285714284,365826.0714285714,362257.0714285714,363242.85714285716,360925.35714285716,354746.78571428574,356664.28571428574,354011.0714285714,346018.21428571426,350928.5714285714,348228.5714285714,346985.64285714284,339265.0,344351.78571428574,354023.35714285716,357998.35714285716,359161.78571428574,366407.14285714284,367050.0,372150.0,377007.14285714284,376678.5714285714,380158.78571428574,378044.28571428574,385185.71428571426,386500.0,395792.85714285716,393542.85714285716,400549.9285714286,406350.0,399228.5714285714,394464.28571428574,402346.4285714286,406614.28571428574,404607.14285714284,404135.71428571426,418192.85714285716,418727.14285714284,495456.25,515137.5,518736.25,502919.375,475725.625,490522.1666666667,505057.1111111111,509304.22222222225,503584.0,512315.55555555556,510926.6111111111,522616.6666666667,523194.44444444444,512471.6111111111,518033.1111111111,517316.55555555556,517843.3333333333,525231.8888888889,521161.1111111111,531549.4444444445,539111.0,532198.6111111111,526487.7777777778,548543.8888888889,556600.0,559654.4444444445,552038.3333333334,539597.1111111111,550422.2222222222,559639.5,566086.1111111111,555799.8888888889,567486.3333333334,572685.8333333334,554465.0,560535.0,578768.1818181818,577495.4090909091,581278.8636363636,584627.2083333334,552417.3076923077,544848.1538461539,557023.0769230769,551844.0,547992.2692307692,555626.8846153846,545832.4642857143,547182.1428571428,596403.3333333334,592399.2,605860.0,600517.4,595466.3,597866.3333333334,584987.1875,589086.875,584829.78125,587632.8125,587824.40625,589254.6875,591221.1875,594599.65625,590275.0,589185.34375,580245.78125
10,Delaware,DE,271997.0571428572,273476.97142857144,268161.40277777775,269923.2638888889,268910.15277777775,268928.3333333333,266778.75,265529.15277777775,263987.77777777775,262386.90277777775,260275.13888888888,256089.55555555556,252211.04166666666,252212.95833333334,250698.18055555556,250289.59722222222,251314.86111111112,250193.8918918919,247542.52702702704,246527.7027027027,245255.72972972973,242121.2027027027,238935.8108108108,236435.43243243243,236830.06756756757,235227.02702702704,238386.62162162163,239902.5,241092.02702702704,241472.7162162162,241766.51351351352,244347.2972972973,242274.93243243243,241681.35135135136,242088.7027027027,240001.2027027027,244260.52631578947,246835.6447368421,249737.6052631579,249794.65789473685,255518.02631578947,252219.51315789475,251099.31578947368,253415.83333333334,254723.4871794872,253990.89743589744,251570.57692307694,253296.21794871794,251816.9871794872,252625.9871794872,254205.57692307694,259031.57692307694,259550.2375,260086.7875,259800.225,261693.625,261100.25,259767.4875,258280.4125,257316.375,256880.0375,256915.8125,259729.125,261229.0,266192.05,265712.743902439,264259.6219512195,264620.4756097561,262143.31707317074,262993.5243902439,262198.2195121951,260970.48780487804,261473.76829268291,261348.10975609755,263937.4268292683,266298.8780487805,268605.1219512195,267196.34146341466,269025.1219512195,270880.5975609756,269520.7195121951,267926.9024390244,266660.10975609755,264872.46341463417,262464.64634146343,262896.39024390245,264648.88095238095,269443.3333333333,270363.39285714284,271798.4761904762,274427.85714285716,275111.90476190473,290487.125,289551.3068181818,289852.9318181818,288791.0,287227.4431818182,287125.2159090909,286600.2272727273,290864.4659090909,294795.61363636365,295099.38636363635,295702.76136363635,296195.0
12,Florida,FL,236679.48101265822,234911.09367088607,231254.89746835444,228391.5341772152,226024.6151898734,222311.1123737374,220423.32323232322,219557.28282828283,216095.6553030303,213061.54156171286,213248.57934508816,209889.9282115869,208150.38287153654,205497.82745591938,206235.13727959697,205281.11306532664,206747.20175438595,206503.664160401,205127.4072681704,205223.4486215539,203974.97625,203287.41125,201152.16749379653,200832.0061728395,202052.87407407406,204033.3472906404,206424.09290953545,207458.67153284673,209170.64077669903,209659.34412470023,210658.0215827338,210493.04057279235,211038.01781472683,210145.4940898345,214954.72528735633,216282.60616438356,219584.7694063927,221555.09819413093,224460.51789709172,226645.52561247215,229786.76762114538,230131.8304347826,232011.24837310196,232286.82264957266,236147.8111814346,238826.7055785124,240038.0682281059,241007.5756048387,243714.94411177645,245682.7084980237,246446.77263779528,246729.0077369439,246325.71098265896,245850.31285988484,249507.06261859584,249549.2908921933,251292.8175925926,252930.22314814816,255964.67922794117,256537.5428832117,257759.6475409836,258663.76860254083,259385.74954792042,259866.65,260307.36056838365,261622.38888888888,265547.9833916084,269395.3275563258,270931.85172413796,273507.88250428817,277536.3858603066,283801.2732656514,283392.918196995,283501.130794702,284216.9780130293,286426.36245954694,287864.1096,287846.65506329114,289640.72734375,287791.3214285714,289412.79057187017,291137.2380585516,291132.0338461538,290883.4885145482,293840.0466360856,294715.380484115,295880.11002994014,297493.63595839526,300498.42647058825,301728.5116618076,302106.2445887446,301117.2331902718,302860.8439716312,300566.45821529743,302924.3994334278,303476.0375354108,303623.4228045326,305531.5849858357,305551.12606232293,307180.2188385269,308476.10198300285,309581.9773371105,309487.657223796,308875.65155807364
13,Georgia,GA,226015.24834437086,223795.64569536425,220887.25165562914,220691.50662251655,219714.49668874172,217354.76821192054,214911.11920529802,215731.95065789475,212018.94736842104,209583.17647058822,207840.045751634,204542.10130718953,200491.35064935064,197987.2012987013,198514.27388535033,197599.75157232705,198632.88364779874,197585.28260869565,195646.38888888888,194049.39197530865,193036.65432098764,189219.92283950618,186376.91975308643,183524.27607361964,182984.1564417178,183906.5153374233,184346.6875,184553.52046783626,186017.23976608188,186553.79532163742,186796.5465116279,187389.4738372093,186497.01734104045,199540.74858757062,199768.18926553673,201203.44134078213,202660.8956043956,206268.47010869565,206921.07837837838,210472.75537634408,210895.88219895287,213783.45153061225,212574.19,212666.6425,213010.8725490196,212696.91787439614,211751.15876777252,209587.07906976744,209281.633640553,212400.42626728112,214051.87155963303,217235.92081447964,217235.47767857142,219888.1830357143,219834.51982378855,219174.47391304348,218484.10129310345,216310.60256410256,217767.4829787234,216314.60548523208,217286.6589958159,219769.1390041494,220303.5061983471,222352.72314049586,223541.42040816328,224618.47773279352,223819.25,226435.688,227403.98023715414,227709.09486166007,228214.5964566929,230318.328125,232054.96108949417,231517.2200772201,233206.39056603773,236173.69444444444,237359.15682656827,237999.57169117648,237413.58576642335,235782.3170289855,236744.36101083033,237804.49097472924,238598.77046263346,237120.11267605633,236951.45774647887,238774.6149825784,242320.37370242213,246928.41952054793,247872.96779661017,248969.9593220339,249922.815,250519.68481848185,250022.09344262295,251188.54918032786,252317.93278688524,253690.6262295082,254859.19016393443,257440.91639344263,260582.0704918033,263716.4081967213,264844.98360655736,265342.56721311476,263645.7868852459,262541.1540983607
15,Hawaii,HI,465423.07692307694,470800.0,460176.8846153846,461962.3076923077,462803.8461538461,450634.6153846154,450373.07692307694,446626.92307692306,422605.85714285716,418210.71428571426,424148.78571428574,408571.4285714286,410996.35714285716,400312.5333333333,404570.0,391710.0,397916.6666666667,393528.26666666666,387840.0,388623.3333333333,392303.3,386179.9666666667,375363.125,381080.0,384437.5,383415.625,382343.03125,381440.625,387037.5,389256.25,392407.71875,392449.625,395175.0,388224.625,502205.85294117645,499413.3823529412,478961.76470588235,477310.72222222225,473423.44444444444,484507.8888888889,478569.44444444444,489536.1111111111,519605.6052631579,584232.0476190476,584566.3095238095,570604.0476190476,584448.4285714285,591909.6428571428,580422.7272727273,585122.4318181818,581470.4545454546,561126.0869565217,558085.0869565217,562805.6666666666,546304.1458333334,552722.9166666666,561854.1666666666,561391.4166666666,539635.4166666666,549193.5,545735.1875,554232.6041666666,563615.0769230769,570813.0,568937.2692307692,567118.0370370371,573512.0357142857,593625.8965517242,596027.5862068966,597108.3620689656,599387.9655172414,614917.0689655172,620094.775862069,595298.6896551724,616275.6551724138,637195.4545454546,635635.0,643071.75,637271.4705882353,644683.8235294118,643892.2647058824,648462.3235294118,646766.7,659232.4285714285,675779.7297297297,660313.3513513514,685603.0256410256,676126.6125,674591.3375,682045.0,696127.425,701927.9625,693279.05,699600.1097560975,702239.0975609756,720575.0975609756,726693.3902439025,729893.3414634146,730857.756097561,731067.1341463415,747189.7195121951,751564.8048780488,731092.4390243902,741797.8780487805
19,Iowa,IA,160129.7162162162,158272.2972972973,157436.45945945947,157200.3918918919,155690.32894736843,155454.07692307694,156871.9871794872,157397.4358974359,155476.02564102566,155400.0,153478.55,148433.53658536586,147675.9756097561,148851.58536585365,151468.75,151967.4111111111,150173.29787234042,151072.05319148937,150931.86170212767,150289.55319148937,149879.68085106384,150873.27659574468,150271.27659574468,149802.98936170212,149333.25531914894,151546.86458333334,152514.17,152921.5,153186.99,154421.9,157511.76470588235,158198.99019607843,158895.0980392157,157893.6274509804,158856.13725490196,158326.07843137256,160438.70588235295,159855.25490196078,161895.931372549,162969.60784313726,163640.6862745098,164028.35185185185,164944.38888888888,163722.6851851852,163924.53703703705,164549.49074074073,166026.75,166635.99074074073,166546.99074074073,167095.09259259258,166531.4351851852,165932.0982142857,170724.98245614034,172265.35087719298,172074.0775862069,175273.75,176530.96774193548,177806.03225806452,178810.06451612903,180966.640625,180080.9296875,184276.38461538462,183558.26119402985,185408.51470588235,184956.0294117647,185442.01449275363,185582.15217391305,184226.7214285714,186791.8309859155,185481.19444444444,185850.57638888888,184085.34027777778,185832.77083333334,187102.69594594595,188771.6081081081,192631.52564102566,190433.56172839506,190230.1219512195,191314.10843373495,192131.47590361445,192318.9578313253,192685.44642857142,191469.5119047619,191749.17261904763,191664.10588235295,193060.66477272726,190600.04395604396,191891.64361702127,193279.14736842105,192934.61979166666,193127.4693877551,192542.24747474748,192455.93564356436,190386.53431372548,189308.01470588235,190110.83333333334,190168.13235294117,192108.568627451,191767.63725490196,193432.99019607843,194136.9362745098,193488.27450980392,193734.82352941178,193708.45098039217
16,Idaho,ID,202951.8448275862,197771.33333333334,195095.31666666668,193173.78333333333,193169.11666666667,191830.23333333334,191398.58333333334,190853.0,188958.11666666667,187164.65,187401.08333333334,183498.33333333334,182271.66666666666,179354.73333333334,181246.98333333334,179905.0,180514.15,181330.25,180975.38333333333,179744.33333333334,178180.8,174985.43333333332,173661.91666666666,172455.3,170916.16666666666,171084.0,176000.33333333334,179363.6,182629.33333333334,184010.03333333333,182913.06666666668,186113.06666666668,182531.98333333334,183393.5,184111.33333333334,184450.68333333332,183790.55,188449.5,192031.71666666667,197243.31666666668,200588.06451612903,200868.28125,200238.25,199723.48484848486,195747.25,192468.6911764706,192118.63235294117,190572.85714285713,188702.54054054053,194393.32432432432,205967.94736842104,208504.2105263158,208607.1052631579,211873.18421052632,212926.22368421053,213283.15789473685,212584.67105263157,211417.42105263157,210905.48684210525,212792.01315789475,214107.94736842104,217874.9358974359,220922.1794871795,224563.55128205128,230011.5,230895.57142857142,231824.11904761905,234503.42857142858,234899.09523809524,236804.85714285713,237377.02380952382,235953.27380952382,237720.86904761905,237761.33333333334,243664.86046511628,243670.86046511628,246292.88372093023,250906.2093023256,251247.77906976745,248499.10465116278,253011.48837209304,255718.82558139536,256934.41860465117,260446.66666666666,261970.03333333333,259815.3152173913,258562.58333333334,264496.25,266847.51,268744.2254901961,272693.5,272136.0471698113,292649.6388888889,291790.1574074074,294931.48148148146,300123.5833333333,303830.50925925927,306379.93518518517,305563.48148148146,313889.14814814815,316277.9166666667,314053.68518518517,312900.3333333333,314820.24074074073
17,Illinois,IL,246454.66287878787,245067.48295454544,244099.49056603774,242569.30566037737,240519.85501858735,238179.1286764706,235340.79227941178,233658.28860294117,229342.96875,227980.44852941178,225919.76470588235,220689.95955882352,216600.7169117647,212536.0457875458,214092.4580291971,214117.80181818182,215612.51454545456,213955.69818181818,212010.43272727274,210541.3109090909,208675.67636363636,205374.38363636364,201577.96181818182,199056.56,197245.86545454545,198140.75454545455,199548.12274368232,201243.13261648745,201759.894265233,202623.49642857144,200841.59608540926,199874.79895104896,199376.4527972028,198559.1637630662,199000.212543554,197141.29965156794,197666.48606271777,200871.24216027875,203933.01909722222,208904.40068493152,213044.47627118643,215395.34343434343,217529.14141414143,216886.07575757575,218255.70805369128,221113.48662207357,219805.08528428094,217024.54801324505,217159.3394039735,219834.5927152318,225361.68300653595,227089.65434083602,231592.9310897436,232608.3738170347,231235.20125786163,231005.6739811912,230533.82716049382,228908.11846153846,226091.7247706422,224179.21100917432,223043.47568389057,224864.99696969698,236559.70386904763,236782.1505847953,239016.09855072465,239129.42693409743,237688.73371104815,237259.4081920904,237407.3426966292,235621.17597765362,234261.5361111111,230886.2085635359,230607.6873278237,233855.14697802198,236780.12568306012,239776.84417344173,241717.38005390836,243625.94786096257,240740.92592592593,239138.86243386244,238454.4144736842,237822.43963254592,236245.03100775194,235257.53359173128,236074.90077319587,239429.20431472082,241242.0350877193,242941.32962962962,244652.62438423646,245270.17199017198,244393.0773955774,241232.83576642335,238952.50961538462,238329.59014423078,237918.79326923078,236685.72475961538,237437.41346153847,239627.3798076923,239771.18028846153,242850.89783653847,244177.81610576922,244342.81490384616,242875.20072115384,241294.34615384616
18,Indiana,IN,147738.60476190477,146495.61904761905,146984.52380952382,145645.68396226416,146040.53738317758,145625.3831775701,144872.7336448598,144095.92056074768,143991.52336448597,143999.08411214955,143907.04205607477,141196.17757009345,140115.30373831774,140540.97663551403,140935.94392523365,140842.6851851852,141797.58333333334,141839.92201834862,141762.64220183485,141474.32568807338,140689.70183486238,139740.9128440367,139163.17889908256,137637.3027522936,137898.32110091744,137430.623853211,139485.14545454545,139487.76363636364,139367.43693693692,139979.1891891892,139684.04017857142,138987.74107142858,138919.7455357143,138547.32142857142,138466.91517857142,137598.16517857142,137574.79464285713,138400.13392857142,140151.50892857142,144360.97807017545,146733.0701754386,147451.13157894736,148391.95175438595,148050.5701754386,148362.88157894736,148331.52608695652,146880.68260869564,146989.07826086957,147183.9304347826,147264.94347826086,149788.4525862069,153824.40756302522,153985.8155737705,156359.65853658537,155699.0685483871,155241.4314516129,155178.556,153455.432,153305.10714285713,151927.19444444444,154008.58267716537,154419.67716535434,157295.7519379845,159251.17307692306,159914.977443609,159959.95588235295,160048.80656934305,159436.89492753622,159981.27173913043,160030.29347826086,160028.95683453238,159152.8633093525,158510.04316546762,159001.75539568346,161228.1535714286,164017.5285714286,165887.97183098592,166984.99647887325,169349.62323943662,169495.7867132867,169335.46153846153,169101.21678321678,168768.1118881119,169048.49310344827,169302.18620689656,169654.4560810811,172083.08783783784,174432.2251655629,177147.3790849673,178235.21103896105,178713.23548387096,177729.98427672955,178130.30745341614,176066.1319018405,176423.20858895706,176187.52760736196,176410.77607361964,178368.98159509202,180611.7300613497,183323.17484662577,184819.6319018405,186048.61349693252,184778.71779141104,184057.15950920247
20,Kansas,KS,191686.95,191109.4,190551.95,188795.44,191191.7,190974.66,188614.43,187260.99,184769.23,182791.27,182258.57,180885.46,180779.04,178382.0,181311.42,178613.9326923077,180081.88461538462,178400.47115384616,178185.57692307694,179704.8076923077,179910.70192307694,176920.04807692306,175663.625,174989.90384615384,173377.56603773584,174143.77358490566,173977.21296296295,174743.7037037037,174587.15740740742,174335.3148148148,175065.96296296295,173760.84259259258,172185.97222222222,171782.75454545455,171599.34545454546,170321.78181818183,171233.76363636364,174647.65454545454,175229.58181818182,178536.69642857142,178580.17857142858,179874.26785714287,180386.5982142857,182274.55357142858,183061.6875,180965.75438596492,179768.2105263158,179300.7894736842,181314.4649122807,189420.7844827586,190912.3879310345,190559.84745762713,191689.38983050847,190516.80508474575,190296.06779661018,188358.36666666667,187375.78333333333,187004.2,186946.44166666668,185516.45901639343,186715.9262295082,187731.59016393442,192110.5,194366.65873015873,194310.8203125,191969.63636363635,189737.25,190122.9044117647,190584.22857142857,188783.52112676058,188693.87323943662,187783.19014084508,189606.03472222222,188768.64383561644,191948.66,194328.92105263157,191365.08974358975,192930.0064102564,192329.58227848102,191810.98765432098,195402.17073170733,194704.84146341463,194683.48780487804,195474.31097560975,197917.3719512195,198465.70731707316,197916.2380952381,201111.6264367816,202681.5632183908,200478.50555555554,199403.6222222222,199207.24444444446,205155.60638297873,204509.42708333334,204393.640625,204941.13020833334,205712.27604166666,207764.328125,207302.796875,209023.34895833334,208940.30208333334,210442.703125,208818.98958333334,206669.13541666666
21,Kentucky,KY,164869.62337662338,163763.24025974027,163320.8831168831,163564.25974025973,162981.58974358975,162127.5641025641,162021.19871794872,161214.13461538462,160086.4294871795,158363.2658227848,157829.25625,156038.9625,153301.0875,153459.48125,154473.30625,156506.28125,159587.3375,158392.78125,157435.11875,157746.21604938273,157241.67283950618,155154.24691358025,154275.08024691357,153242.93209876542,153134.5185185185,152512.4756097561,153531.2409638554,153283.89880952382,153061.22352941177,153532.60588235295,152807.34302325582,151957.33720930232,151430.23837209304,151273.31395348837,151784.88953488372,150625.26744186046,149933.82558139536,150113.9476744186,154753.42613636365,154956.23295454544,155981.01136363635,156967.5,158069.71022727274,157168.2191011236,158726.3988764045,158511.57865168538,157661.97222222222,156227.95054945056,156334.05494505496,158141.47802197802,160152.32065217392,163938.9402173913,165245.1170212766,167049.36170212767,166456.26063829788,165765.2947368421,165272.296875,164091.48453608248,163390.57653061225,162937.16,162321.05,162815.98,163577.85922330097,167022.99523809523,168901.56666666668,169343.070754717,170748.39150943398,170322.06542056074,170369.41121495326,169455.18224299065,169959.06542056074,170320.91588785045,169198.8935185185,168094.65454545454,169583.05,173422.7850877193,173632.81355932204,175537.38983050847,176224.24166666667,176644.25416666668,177098.4173553719,176899.80327868852,176563.9756097561,175802.892,175224.33333333334,177701.3937007874,179883.48828125,182143.77906976745,182776.81297709924,182478.95185185186,181932.49270072993,180874.15579710144,183163.46402877697,181271.29577464788,181348.1866197183,180908.19014084508,181277.82746478874,183240.40492957746,185313.32746478874,186850.4190140845,188469.1514084507,190042.0704225352,188429.53873239437,188490.57394366196
22,Louisiana,LA,180955.89705882352,181282.47101449277,181302.95652173914,181633.3188405797,181959.02142857143,182452.17605633804,182506.57746478874,181746.5704225352,180749.74647887325,179048.55633802817,178178.85915492958,175700.05633802817,173109.1690140845,172626.88732394367,175308.99305555556,175272.0,176113.26388888888,175642.41666666666,175261.34027777778,174745.84027777778,173848.22602739726,171562.52027027027,169751.82432432432,168949.0810810811,169418.79054054053,169951.04054054053,170799.25333333333,172102.26666666666,172118.78666666665,172760.50666666665,172823.36666666667,171817.70666666667,173313.2,172377.66666666666,173872.32,176490.9090909091,176628.9805194805,180455.17088607594,182051.34810126582,184378.6125,186368.83950617284,187734.93209876542,187174.64197530865,186162.59146341463,187266.07317073172,186834.69512195123,185092.43292682926,186183.06097560975,185371.75,186620.32317073172,186938.7012195122,187589.4518072289,189427.72891566265,191528.93452380953,189275.18452380953,189514.72023809524,191307.58823529413,189870.5632183908,191453.1091954023,188820.17613636365,188852.42613636365,191041.3111111111,191784.90555555557,192924.16483516485,197894.03260869565,198422.16847826086,199341.86413043478,200824.94623655913,201901.05376344087,201329.811827957,202004.67021276595,202248.359375,203084.65,206302.00970873787,208083.23333333334,213947.58411214955,214906.23873873873,216878.6403508772,214252.6681034483,212200.13247863247,212585.31355932204,211895.82231404958,212496.5163934426,213029.75,211632.11904761905,207952.27131782947,209430.1679389313,212548.66287878787,213721.11397058822,215241.5607142857,214866.3085106383,214469.04577464788,215609.89383561644,214625.35333333333,213882.68666666668,213528.08333333334,211874.30666666667,211956.27666666667,213081.58666666667,214507.70666666667,216086.53333333333,216085.26333333334,216130.27666666667,216031.48333333334
25,Massachusetts,MA,359035.4105960265,358504.4900662252,355223.88410596026,354241.6986754967,354842.84437086096,353419.3278145695,350692.40728476824,350525.83774834435,348940.93377483444,344749.31125827815,342030.68874172185,336036.8145695364,332771.0165562914,332748.3410596026,336304.2947019868,337052.9536423841,341777.58278145693,340876.7086092715,338990.1357615894,336834.93046357617,335897.55629139073,332306.59271523176,324830.45695364237,321682.29801324505,322918.4635761589,323588.48013245035,327521.0860927152,332613.3509933775,339196.61842105264,341563.77777777775,341737.92156862747,339628.3071895425,344367.13071895426,344305.6993464052,345323.5816993464,342310.2549019608,343518.89869281044,357776.62903225806,364129.0031446541,367551.3875,373732.84567901236,378831.6768292683,380897.103030303,379015.6265060241,379797.1785714286,378907.58928571426,382953.71726190473,383365.8333333333,385764.85294117645,391203.4215116279,391562.41242937854,394034.35310734465,395123.6320224719,397257.66759776534,397762.8379888268,398680.9776536313,399920.83519553073,398778.81284916203,402537.07262569835,405120.6089385475,408888.1305555556,410806.96961325966,414039.87704918033,415841.0,423156.4157894737,422039.6321243523,422841.8238341969,423709.4352331606,423364.7694300518,428779.33762886596,429789.4355670103,430620.9896907217,433147.8358974359,436573.0586734694,443434.7425,446596.64925373136,449661.6815920398,450583.7313432836,452882.0199004975,461397.52475247526,458489.9285714286,462159.16911764705,470289.2342995169,471720.06937799044,475431.7775119617,476808.05213270144,476659.76696832577,481907.79295154184,478194.6191489362,478040.30672268907,481101.2949790795,485057.51673640165,489915.2582644628,488175.1255144033,489565.84156378603,493094.683127572,491985.0864197531,492784.6893004115,493671.3600823045,498931.5329218107,498969.13580246916,501731.87860082305,507087.5967078189,505443.33127572015
24,Maryland,MD,306465.4212598425,306032.6062992126,304639.094488189,304866.56692913384,303519.26171875,301906.76171875,297321.61328125,294642.875,291352.234375,289253.2421875,288645.76171875,282655.08203125,280711.46484375,276856.5546875,279805.3515625,279292.17441860464,282402.97286821704,282766.0813953488,282614.6666666667,283032.3527131783,281099.37209302327,277569.4534883721,279519.2153846154,279577.6692307692,278998.74809160305,295181.89552238805,304427.64444444445,305011.93333333335,307703.5962962963,310295.8419117647,309600.1582733813,310919.6402877698,309614.28214285715,312040.60638297873,312058.45035460993,306890.41489361704,312194.8978873239,315735.8028169014,320033.9049295775,324330.4,324313.04452054796,323781.9623287671,322356.40476190473,322379.94217687077,322068.52040816325,322312.3741496599,320210.8523489933,321902.90268456377,321959.05333333334,323753.0131578947,331047.5286624204,332365.38291139243,335497.87341772154,335908.11075949366,333374.3396226415,331929.0771604938,332744.012345679,328869.36503067485,325052.5731707317,322379.7606060606,322369.42424242425,324506.234939759,330830.0389221557,330998.3263473054,332143.7426035503,332446.1656804734,326706.89705882355,329915.37647058826,331259.15,327819.02046783624,327795.7238372093,326661.3583815029,327460.73121387284,326769.89204545453,332626.1666666667,342236.5494505495,343528.4945054945,344588.04918032786,343781.85326086957,343717.19836956525,343346.8043478261,343990.42513368983,343536.8085106383,343245.8068783069,341985.6447368421,347306.70680628275,353720.3341836735,359191.6192893401,359093.6287878788,358292.315,359297.835,356894.4525,358220.5198019802,357189.1502463054,356258.6527093596,355266.54433497536,357284.94088669954,358732.9679802956,362193.6551724138,366426.8497536946,368832.54926108377,370901.33743842365,369235.0812807882,368244.8472906404
23,Maine,ME,219954.27272727274,218471.9393939394,217898.01515151514,217607.2205882353,221116.17647058822,220595.58823529413,219657.5588235294,218001.11764705883,216683.14705882352,214983.20588235295,213333.08823529413,211013.23529411765,209977.9411764706,210023.54411764705,212919.2142857143,214407.07142857142,214629.2,213004.2857142857,212038.57142857142,209140.3,207312.0,206549.98571428572,206776.58571428573,204675.07142857142,204353.51428571428,204166.14285714287,206164.9714285714,206206.2857142857,205219.41428571427,206000.0,206353.7857142857,206712.0,206908.6857142857,201421.2857142857,201431.25714285715,199713.85714285713,197299.8918918919,201161.53846153847,199578.14102564103,201634.60256410256,203406.34615384616,206431.65384615384,206144.4871794872,205470.52564102566,203750.97435897434,202915.42307692306,202135.8205128205,201383.87179487178,200587.16666666666,201906.88461538462,199915.925,209451.6219512195,215767.85714285713,217487.79761904763,214924.02380952382,214327.35714285713,214974.88095238095,217676.62790697673,218906.86046511628,215726.5,217324.67441860464,220304.6511627907,218361.36363636365,222161.36363636365,223660.47727272726,225655.11363636365,238989.13043478262,238787.69565217392,235776.60869565216,235756.51086956522,234716.30434782608,235260.86956521738,235702.15217391305,236840.48913043478,242539.36170212767,247409.32291666666,245287.5,250075.79166666666,251488.63541666666,251836.45918367346,253721.20408163266,251861.73469387754,249489.54081632654,247677.60204081633,248551.193877551,252347.79591836734,256294.99,258353.53,262304.7450980392,268007.0576923077,268290.320754717,265649.0566037736,265503.6574074074,265085.1388888889,264512.3888888889,268737.8611111111,264648.3611111111,265083.72222222225,266831.962962963,272404.2962962963,275340.9074074074,274903.69444444444,275004.75925925927,273543.39814814815
26,Michigan,MI,156929.24242424243,156447.0946969697,155169.75187969924,153471.48897058822,153073.63503649636,152546.32481751824,151101.1726618705,150550.89208633095,149177.72661870503,147637.1366906475,147953.7857142857,144216.24642857144,142387.17253521126,141300.60563380283,141195.38028169013,141318.85915492958,143436.86713286713,144786.70833333334,144971.37931034484,144736.51379310346,145084.12413793104,143626.16896551725,141663.75,139518.05479452055,138814.90753424657,139035.15068493152,140135.15068493152,141061.84539473685,142407.92307692306,144668.3439490446,145625.71518987342,146198.15189873418,146251.7088607595,145379.7578616352,145189.48113207548,143859.053125,145562.3260869565,147862.06097560975,152775.66176470587,156223.00294117647,159287.316091954,162659.5308988764,166500.27595628417,165797.55080213904,166374.6994680851,164428.64210526316,163654.33160621763,161372.04846938775,160900.08040201006,161738.06341463415,165011.82057416267,171998.41666666666,174300.76576576577,175425.95535714287,174687.58114035087,174286.24342105264,174003.00869565218,173202.3900862069,173584.62231759657,172558.9034334764,172284.5235042735,176286.25316455695,178645.26141078837,179077.9224489796,181419.05510204082,181534.203187251,180712.2599206349,178111.1531007752,177825.59652509654,177338.222007722,177455.9,176923.00766283524,176209.31320754718,177257.0358490566,180946.73684210525,185542.11710037175,189853.4890909091,191504.1870503597,192382.4219858156,192939.648409894,193570.32155477031,192821.87632508835,192300.54929577466,191973.30594405593,192094.1660899654,195663.37118644067,198072.28973509933,201314.66293929712,202826.85139318884,204323.85213414635,204565.0843373494,202712.04761904763,202297.8407079646,201776.19275362318,200519.91884057972,200707.5652173913,201544.0492753623,203451.09275362318,204990.85217391304,208421.75217391303,210915.48260869566,211832.68985507247,210995.08260869567,209391.9884057971
27,Minnesota,MN,206641.93827160494,203272.4814814815,201373.9135802469,200886.15432098764,202571.04320987655,201470.63580246913,197585.53086419753,196553.03086419753,193670.85185185185,191026.0864197531,187981.66666666666,182966.16666666666,177871.0061728395,176669.06172839506,177256.83950617284,177878.71951219512,181439.41463414635,181691.4024390244,180260.4096385542,180534.9518072289,180041.05421686746,177119.4518072289,175362.2048192771,172594.86144578314,171175.5843373494,173092.8253012048,176605.0903614458,177493.8392857143,181894.45238095237,184360.22093023255,186722.7988505747,186959.64942528735,187075.7643678161,187632.99425287356,190284.9252873563,189146.48888888888,188084.3152173913,192031.85869565216,200060.8842105263,206462.92708333334,212429.57575757575,213944.7,214876.75247524751,216539.74257425743,217757.71844660194,216517.4619047619,215453.40476190476,214137.79047619048,212022.88095238095,216510.93925233645,221727.15596330276,225763.14159292035,233026.83050847458,234875.55462184874,235918.325,240715.69834710745,242990.8893442623,240806.4631147541,240076.80327868852,239766.0819672131,241540.5894308943,243485.816,246805.57480314962,247364.07575757575,253840.3088235294,253964.83576642335,254805.92335766423,254321.401459854,255996.4384057971,254900.09285714285,254582.74642857144,255006.25,257120.13732394367,258573.53846153847,259345.9931972789,262321.6979865772,260926.41233766233,261467.47096774195,262858.8935483871,261807.8685897436,262626.85576923075,267815.6918238994,267063.61320754717,269363.190625,269075.49689440994,277376.09146341466,279086.1957831325,280240.3176470588,281942.27167630056,283269.1149425287,282559.6752873563,280450.29142857145,281619.5657142857,281979.67714285717,284124.97428571427,287623.8057142857,290512.64857142855,295275.12,295327.78285714285,297130.1457142857,297078.27428571426,295932.4514285714,296320.3114285714,293717.63714285713
29,Missouri,MO,170051.61983471076,168855.37398373985,167555.764,166504.168,166225.216,165588.852,164619.556,163895.772,162714.18,161102.94,160008.384,157057.792,154498.464,153440.4,154291.596,155387.5472440945,157551.51181102364,158776.01181102364,157997.16141732284,157498.12992125985,156003.38976377953,155575.39763779528,154717.91732283463,152130.51181102364,152552.41796875,151686.87121212122,151020.94402985074,152317.02592592593,152078.5294117647,151149.5291970803,150248.37591240875,150089.59489051095,149441.2919708029,148381.22463768115,149944.51811594202,149433.9,149432.91785714286,150384.0633802817,152394.61458333334,155352.81506849316,157702.22972972973,157052.70333333334,156023.47350993377,156320.16887417217,156807.19867549668,160583.022875817,160204.068627451,159863.8044871795,160161.8878205128,162035.2388535032,163853.77044025157,166386.9,169632.4135802469,171170.18787878787,169355.91916167663,167718.62874251496,168630.06586826348,167185.30177514793,167982.32840236687,167648.2278106509,166930.7573964497,169582.84411764707,171951.25142857144,174858.59217877095,176155.79005524862,176269.34782608695,175513.74193548388,175745.25265957447,176516.1693121693,175889.65873015873,175975.8015873016,175854.70418848167,176865.77604166666,177616.19010416666,179001.71649484537,181702.40206185568,182514.89646464647,182243.95454545456,182022.25,182475.9296482412,181931.0075,181649.1125,182511.9725,182995.7263681592,182644.49264705883,183691.2292682927,185280.30487804877,188954.0889423077,191123.31818181818,191843.90238095238,191304.92093023256,190470.7685185185,190002.13594470045,189184.46100917432,189381.16513761468,188956.9495412844,189864.50688073394,190548.04587155965,193170.31651376147,195409.14678899082,196312.8876146789,197507.4380733945,196823.96559633026,196346.6376146789
28,Mississippi,MS,162598.41666666666,161980.95238095237,159740.58139534883,159353.37209302327,160063.91860465117,158620.33720930232,158645.61627906977,157504.94186046513,158307.2093023256,157210.88372093023,157676.16279069768,155197.09302325582,154186.0465116279,153002.82558139536,154829.96511627908,156525.51136363635,157631.81818181818,158336.10227272726,158933.54545454544,158084.51136363635,157847.11363636365,155645.0909090909,153549.13636363635,153651.85227272726,151268.82954545456,150806.81818181818,151836.36363636365,150481.52272727274,150579.5340909091,151828.2840909091,150448.2840909091,150305.11363636365,149819.47727272726,149827.27272727274,149284.47727272726,148029.95454545456,150136.64444444445,149908.5888888889,151720.4255319149,156110.65625,156458.82291666666,156124.59375,156446.86458333334,156786.69791666666,157731.22916666666,156089.0,155127.56,154924.1862745098,154464.69607843139,155757.3137254902,157027.85576923078,158627.09615384616,159472.65384615384,160143.74528301886,160241.30188679244,161338.2641509434,160238.20754716982,160833.320754717,160835.78301886792,160324.04716981133,161472.28703703705,160786.07407407407,161612.90740740742,163230.08333333334,164048.12037037036,165504.7685185185,166913.12727272726,166334.3596491228,167045.13157894736,165305.9649122807,164432.66666666666,164337.37719298244,162501.12280701756,162184.27192982455,163289.08771929826,162789.09322033898,165721.86666666667,166258.7131147541,169122.73015873015,167699.5671641791,166610.1838235294,169050.74637681158,169347.91304347827,167746.47101449277,170704.0,172493.2602739726,173408.5890410959,175302.82,175121.15333333332,176417.33333333334,176127.1038961039,174922.5909090909,175990.4746835443,175825.7658227848,175904.11392405065,177578.22151898735,176967.94936708861,176692.98101265822,177363.15189873418,178649.70253164557,180286.38607594935,178889.49367088606,179984.3924050633,180889.94936708861
30,Montana,MT,256400.0,254031.25,251900.0,243512.29411764705,245308.82352941178,246764.70588235295,248182.35294117648,248673.5294117647,250344.11764705883,247594.11764705883,245361.73529411765,243711.73529411765,241766.66666666666,238688.88888888888,241638.88888888888,243050.0,246380.55555555556,248841.66666666666,245146.38888888888,244294.44444444444,244261.52777777778,241941.66666666666,237623.88888888888,232108.33333333334,228388.88888888888,228844.44444444444,227085.0,228508.68421052632,228496.31578947368,230335.47368421053,231035.94736842104,230994.47368421053,228379.73684210525,227729.26315789475,225581.57894736843,226052.63157894736,227246.31578947368,238778.25,237719.0,243299.6,248559.52380952382,247792.61904761905,248725.2380952381,249988.09523809524,257000.0,258759.52380952382,259015.85714285713,252116.66666666666,255835.2380952381,258331.20833333334,260992.3076923077,261440.28846153847,264008.46153846156,269834.4074074074,272260.72222222225,268642.5925925926,270612.94444444444,271662.22222222225,274155.55555555556,270497.1111111111,274360.9259259259,270953.5714285714,271253.2166666667,271435.8333333333,281896.9696969697,281118.1818181818,280743.5303030303,282100.0,285495.45454545453,287564.3939393939,289004.54545454547,291498.4696969697,285268.9393939394,282896.4285714286,280547.0833333333,283049.69444444444,287405.27777777775,287244.44444444444,288966.1891891892,285397.36842105264,287232.8289473684,288947.5,287437.375,290081.25,292288.125,289964.3292682927,291696.21428571426,294335.847826087,294458.2604166667,294682.0,298724.29,294159.2843137255,303470.43396226416,305041.19444444444,312107.85185185185,312076.8425925926,311516.6666666667,313391.6111111111,314087.01851851854,319275.962962963,321984.25925925927,323795.5833333333,321106.1111111111,322795.0925925926
37,North Carolina,NC,233005.38938053098,230415.51321585904,228525.00440528634,227540.31739130436,227336.44347826086,225647.92424242425,223874.39393939395,222233.14285714287,221288.3593073593,220411.26077586206,219804.9224137931,216215.78663793104,214272.02575107297,212955.51716738197,212649.19787234042,212440.25319148935,213607.2319148936,213087.66949152542,211366.76906779662,210423.54872881356,209546.37711864407,209009.43220338982,207355.3538135593,205170.81779661018,205373.42405063292,204653.6265822785,205555.40376569037,204505.80208333334,204457.97291666668,203979.75416666668,203196.48340248963,202451.1244813278,202281.15637860083,202514.7786885246,203532.02049180327,204319.9387755102,206275.0387755102,209192.33469387755,211149.1693877551,213267.25910931174,215663.25101214575,217258.44129554657,217343.8016194332,217921.1108870968,217479.3172690763,217175.8514056225,216666.148,216686.62,218263.51764705882,219288.33716475096,220057.6551724138,222419.0496183206,224643.59811320755,224632.47368421053,224341.10674157302,225912.85873605948,226688.01672862453,225987.08921933087,225869.90148698885,227560.39814814815,227301.7205882353,230028.09636363637,229376.4025270758,233360.67678571428,236030.18035714285,238851.1113074205,238759.66842105263,240250.859375,240973.0242214533,242358.98448275862,244082.04109589042,243718.52226027398,244830.82881355932,244376.37751677854,248460.80263157896,251288.0501618123,253600.78617363345,254862.08146964858,255572.67515923566,255724.1050955414,256438.15127388536,257213.5031746032,256905.0141955836,255468.45625,256190.78348909656,256228.0846153846,259144.01208459213,261904.43243243243,263494.82100591715,264448.13929618767,264508.31449275365,263152.9221902017,263693.3376068376,264224.9588068182,265327.4943181818,267536.5,268503.17329545453,268416.37642045453,269268.79261363635,271528.2684659091,272056.31676136365,271820.3565340909,270899.41051136365,270043.7088068182
38,North Dakota,ND,177030.0,176120.0,179320.0,176420.0,180660.0,182500.0,179620.0,181210.0,175924.2,174110.0,170220.0,166478.0,167214.0,171220.0,171880.0,174680.0,177649.9,176460.0,173440.0,172149.8,174560.0,172460.0,172941.2,171750.0,173680.0,172320.0,171580.0,175550.0,179520.0,181501.2,182060.0,183310.0,180964.9,185350.0,184291.66666666666,183833.33333333334,183139.83333333334,185172.66666666666,182716.66666666666,202194.0,204312.7857142857,213642.85714285713,217482.14285714287,223686.85714285713,220634.92857142858,214851.14285714287,215910.7142857143,215107.85714285713,217155.14285714287,222448.0,224492.85714285713,224453.57142857142,231285.7142857143,247543.33333333334,245345.0,248286.85,251154.9,246636.2,246193.3,251919.0,244774.5,245440.25,244695.45833333334,253915.88461538462,261744.5357142857,264546.4285714286,258885.35714285713,256467.85714285713,260327.5,257189.4642857143,247143.33333333334,247629.66666666666,249388.33333333334,249553.4,249549.66666666666,247564.33333333334,248869.93333333332,246659.96666666667,246319.96666666667,246403.33333333334,243573.3,242354.93333333332,239639.5,237990.7,235882.83333333334,238850.5,242902.33333333334,245176.4705882353,242993.61111111112,239792.44444444444,237793.13888888888,235727.22222222222,232952.77777777778,229651.36111111112,230150.0,228808.0,232320.22222222222,230944.16666666666,232658.33333333334,238850.0,239024.44444444444,239683.33333333334,237441.66666666666,234772.22222222222
31,Nebraska,NE,160519.11764705883,160344.11764705883,158503.61111111112,159397.22222222222,161319.11111111112,161994.41666666666,160715.94444444444,160433.33333333334,158929.16666666666,156212.5,157300.11111111112,155519.44444444444,154812.91666666666,155215.05555555556,155544.83333333334,154573.61111111112,155348.19444444444,156698.33333333334,158455.5,159091.30555555556,158948.72222222222,156483.33333333334,155187.63888888888,155520.0,156416.27777777778,156974.94444444444,156432.42105263157,160261.84210526315,159536.18421052632,159547.34210526315,159570.13157894736,153547.5,153849.125,155131.075,156692.85,157291.275,157847.35,160321.19047619047,161754.35714285713,166320.18181818182,167336.69565217392,167520.63043478262,166704.35416666666,166680.52083333334,167713.70833333334,168863.27083333334,169352.70833333334,171899.70833333334,172723.95833333334,172872.45833333334,178148.76,181826.12,184110.15384615384,186369.72222222222,192249.5,193371.2931034483,193311.8275862069,192650.56896551725,193283.93103448275,194915.27586206896,195271.75862068965,198225.62068965516,198025.7,202696.45,201098.4516129032,200082.375,197691.46875,197633.9375,197368.578125,196663.125,196131.5,200110.515625,197082.67647058822,196303.4411764706,200798.54411764705,204895.14705882352,206242.5588235294,205507.08823529413,206103.54411764705,205394.74285714285,205946.27142857143,206859.97222222222,207565.52777777778,208598.11111111112,211526.25,218854.47297297296,212260.81578947368,217763.84210526315,219130.35,215756.51219512196,217019.24390243902,213396.90476190476,208491.5,205306.04444444444,205123.43333333332,207527.25555555554,207167.38888888888,211922.25555555554,212290.33333333334,213952.66666666666,215090.95555555556,213913.88888888888,213924.02222222224,212910.36666666667
33,New Hampshire,NH,254504.8780487805,249657.5,247415.77380952382,247331.35714285713,247462.4642857143,248329.0465116279,247276.7441860465,246393.02325581395,242586.03488372092,243541.47727272726,241186.9090909091,235965.88636363635,233112.4659090909,231494.86363636365,232723.27272727274,235552.22222222222,237574.95555555556,235375.57777777777,235522.96739130435,232428.80434782608,231822.79347826086,229823.35869565216,225705.14130434784,224265.97826086957,223152.16304347827,221817.21739130435,224836.89130434784,226260.60869565216,228046.875,229881.6875,229703.91666666666,229265.61458333334,227489.84375,228193.75,227111.68367346938,227246.4081632653,228598.4387755102,230048.72448979592,238558.6923076923,244095.75961538462,247559.6320754717,246228.4716981132,246063.20754716982,244220.95283018867,246008.29245283018,246905.82407407407,243598.13888888888,244754.42592592593,243328.9351851852,238937.24074074073,244607.5892857143,245569.13157894736,251075.7894736842,252585.77586206896,253764.7155172414,253171.99137931035,252860.8103448276,253089.43103448275,256434.98305084746,252852.06779661018,255022.5,255430.32786885247,256000.640625,261412.1484375,271199.23484848486,271503.01515151514,271388.8712121212,272089.6893939394,273508.01515151514,270276.50757575757,270352.2727272727,270102.9318181818,269201.24242424243,271023.7803030303,275693.9318181818,277622.5671641791,280309.3134328358,281832.7910447761,284855.9104477612,283386.96268656716,284615.2910447761,284886.17164179106,285202.12686567166,289190.64925373136,291461.3676470588,299083.78873239434,300274.4527027027,302300.4512195122,301872.186746988,303709.6144578313,305639.1144578313,303815.0421686747,301248.0361445783,302332.5240963855,300749.9939759036,300441.5602409639,304517.3192771084,306268.0602409639,308536.4277108434,311974.8915662651,311735.3614457831,311786.3072289157,311171.6686746988,309469.2530120482
34,New Jersey,NJ,372009.44604316546,368960.770609319,366053.22142857144,364763.84821428574,364261.72953736654,363695.9039145908,361368.54982206406,359989.6690391459,356514.1209964413,353663.5604982206,353015.95195729536,349456.3736654804,347534.6263345196,344980.5889679715,345869.3131672598,342640.03723404254,341523.5691489362,337841.4521276596,334815.88120567374,332209.56183745584,329001.33568904595,324003.9363957597,320976.9222614841,320975.1749116608,319569.55300353357,320320.66431095405,321804.58626760566,322534.9102112676,323633.5210526316,321805.4228070175,321444.5561403509,320623.4105263158,322313.99649122806,320363.7245614035,319463.09298245615,318250.4527972028,318693.8298611111,320553.98784722225,324669.5154109589,332699.94576271187,336604.5254237288,341299.79054054053,341319.6300675676,339424.4090909091,339982.2878787879,339545.86026936024,335401.144295302,334967.29235880397,335396.4900990099,344779.7265372168,349568.5,373418.5202492212,373646.0729813665,376925.806501548,373477.2770897833,371984.8236196319,372784.89296636084,371847.7782874618,377869.2012195122,375720.78658536583,373472.06990881456,375930.001510574,381980.2784431138,384404.8982035928,384599.7113095238,386808.84821428574,387079.09792284865,385821.58407079644,387793.1073529412,388113.05147058825,389051.6935483871,386924.6842105263,387724.3753623188,390616.7722063037,392143.9318181818,395591.17086834734,398448.17039106146,398365.8975069252,398778.39889196673,397065.36842105264,392480.33425414364,392417.0165289256,391779.2129120879,389719.6,389984.5506849315,393036.8712328767,398650.18021680217,402379.92876344087,407733.8430851064,410013.97222222225,411072.66886543535,409410.536939314,410039.5395778364,409049.1036745407,410208.56692913384,410841.7664041995,407464.5288713911,410078.73884514434,412313.0288713911,415744.5971128609,417080.9041994751,418041.24803149607,417242.87926509185,415906.6312335958
35,New Mexico,NM,277682.9888888889,278148.0888888889,271539.1304347826,270703.25,268696.1956521739,267742.9347826087,268601.4130434783,265679.347826087,261801.19565217392,258104.09782608695,256130.6739130435,253107.21739130435,250015.08695652173,246906.9239130435,246900.51086956522,244321.68085106384,242991.57291666666,243272.1875,242831.94791666666,239807.29166666666,240926.41666666666,238596.79166666666,233713.75,232218.26041666666,232135.58333333334,230236.61458333334,229305.96078431373,233704.9423076923,232681.33018867925,232648.49074074073,231024.62037037036,228939.06363636363,226886.21818181817,226711.14545454545,227630.0909090909,227440.35454545455,228993.03636363638,230853.95454545456,233266.43636363637,234586.86363636365,236936.58181818182,234348.15789473685,232725.44736842104,230627.24137931035,231976.14406779662,229807.24576271186,230200.59322033898,230623.25423728814,231257.34745762713,228442.99152542374,231018.98305084746,233894.8220338983,234408.85593220338,233001.76229508198,232491.27049180327,232006.47540983607,231450.07258064515,229234.09677419355,229921.56451612903,231501.90476190476,231403.19047619047,232920.15873015873,234401.45238095237,234493.15873015873,235997.87301587302,236613.73015873015,237313.9126984127,237919.9841269841,235489.5,232791.3828125,231683.07575757575,230589.6590909091,230627.27272727274,231427.95454545456,236135.90151515152,236454.0,238160.0671641791,238734.09420289856,238892.5652173913,239036.42028985507,239531.57971014493,240353.47101449277,236840.0,237127.21739130435,236798.9927536232,236461.30434782608,241312.80985915492,242822.4366197183,245794.6971830986,247539.50704225354,248997.30985915492,249144.97183098592,247574.338028169,247369.45070422534,246197.7323943662,245727.838028169,246197.19014084508,248776.98591549296,249481.88028169013,249132.21126760563,251406.97887323942,252202.1690140845,254593.46478873238,252020.70422535212
32,Nevada,NV,221531.47916666666,221680.35714285713,220029.48979591837,215299.91836734695,213286.0612244898,209678.18367346938,207658.8775510204,205288.23469387754,204939.306122449,202345.60204081633,200136.64285714287,196214.83673469388,192751.51020408163,189473.88775510204,189973.89795918367,187318.1530612245,186368.57142857142,185413.3775510204,184876.05102040817,184595.9081632653,184289.3469387755,182321.77551020408,180950.77551020408,179263.23469387754,180225.6326530612,181925.29591836734,184666.29591836734,186716.41836734695,189845.3469387755,194101.39795918367,193811.99,195537.93,196116.1,199258.99,199022.4,203756.16,208947.33,207946.42,217374.49019607843,220870.45192307694,226214.97115384616,230608.49038461538,232498.01886792452,237422.28301886792,241579.17592592593,237397.48214285713,239208.01754385966,232262.59677419355,223791.1893939394,222903.73529411765,226085.5507246377,231801.04929577466,236698.85915492958,239785.94444444444,241086.75342465754,242056.76666666666,242244.74675324676,243006.7012987013,243849.19871794872,246372.97435897434,247676.79487179487,249703.13461538462,251411.5128205128,256651.7594936709,262714.59493670886,263072.975,264473.11875,265544.90625,266410.99375,268477.35,269676.64375,271493.21875,271813.7098765432,272457.01851851854,273690.06172839506,276450.18518518517,278679.9567901235,281543.8209876543,283768.1913580247,284549.487654321,287522.81481481483,287646.8703703704,289749.0740740741,292992.7530864198,294551.0,296424.47530864197,300008.5963855422,304405.53571428574,303696.33720930235,310848.9942528736,313862.3850574713,315559.0517241379,319742.8218390805,322109.9252873563,325162.1436781609,327351.6264367816,330872.9885057471,334213.1379310345,336365.2816091954,339887.3275862069,338656.5287356322,339066.5057471264,340730.6781609195,341887.9425287356
36,New York,NY,348140.8955479452,346546.4948979592,345685.0658783784,343687.1334459459,344650.1047297297,341762.5785953177,342634.355,342641.7183333333,339443.0933333333,338317.25333333336,337520.14666666667,334783.41833333333,332802.8233333333,331380.63787375414,336732.8267326733,335977.0836065574,349009.6019417476,345503.66077170416,344439.1414790997,341364.124600639,339572.7898089172,336051.3152866242,335048.28025477706,334459.35191082803,341887.07120253163,341190.332807571,343969.4507692308,358863.14373088686,358211.31402439025,355918.01359516615,354956.0936555891,354186.6993957704,353466.2620481928,352776.9924698795,351973.8153153153,354381.58083832334,353268.747761194,355633.39104477613,358983.15578635014,360178.47337278107,366032.8921282799,363904.6195335277,364856.4956395349,369805.19942196534,371163.4855491329,371298.56791907514,375171.25433526014,384054.7106017192,384932.6752136752,389029.4131652661,388274.0969529086,391862.4577656676,392950.3611859838,393558.4289544236,402276.8430851064,401341.3902116402,406615.7110817942,412413.64173228346,414797.9934725849,416594.90992167103,417472.78571428574,418052.2236503856,432298.62468193384,432943.59625,436799.14285714284,444832.98671497585,444867.31294964027,446914.5983213429,451629.7892857143,452523.3035714286,453925.0558194774,457655.15105386416,461029.7937062937,464644.3169336384,474052.20022624434,480959.5989010989,486383.9548387097,485708.7008547009,489038.89574468083,492925.77330508473,498144.9224318658,497067.786163522,497176.54375,497929.2283057851,498011.64917695476,500820.873747495,503648.1938976378,506267.35424710426,506179.17107750475,503617.1219739292,503952.55073800735,503109.5758683729,498026.76043557166,508023.7127468582,509801.5332136445,510852.84380610415,509009.8958707361,506466.9551166966,503593.4838420108,507974.4658886894,512152.20466786355,515163.98204667866,513945.53590664273,512591.9434470377
39,Ohio,OH,149061.1783919598,149577.4278606965,150505.04679802957,150813.16911764705,150706.79901960783,150028.20833333334,148531.1862745098,148353.2818627451,146823.9387254902,145227.98774509804,143802.53921568627,140431.88480392157,137999.54166666666,137072.74264705883,140547.5703883495,141197.54567307694,144331.22748815166,144405.62559241705,143698.98104265402,143644.96682464454,142769.69194312795,141683.0758293839,141172.19194312795,139623.0353773585,138684.36320754717,138155.76291079813,138892.08450704225,139982.9366197183,140777.5163551402,141720.06308411216,141425.59345794393,141797.96962616823,140367.69626168226,140102.84345794393,139980.42325581395,138459.47906976743,138654.5648148148,140012.2142857143,141673.20871559632,143857.07954545456,145908.02954545454,147821.23863636365,147815.7409090909,148035.22747747749,149119.38963963964,148960.94594594595,147816.7111111111,146942.37004405286,146407.57268722466,146893.32236842104,148948.84848484848,151927.22317596566,154086.58154506437,156047.33829787234,155948.7085106383,156499.36919831223,155487.85654008438,154271.74791666667,155476.0720164609,154159.50612244898,155175.51224489795,156785.1052631579,158264.82470119523,159669.14566929135,162751.0406976744,163434.7528957529,163584.55984555985,163170.57115384616,164503.893129771,163941.49236641222,164401.89353612167,162988.2205323194,165399.18867924527,165213.69288389513,166310.85661764705,169330.80363636365,170736.85507246378,171208.59498207885,170969.42402826855,170591.77464788733,170073.22280701753,170113.6157894737,168620.62891986064,168088.96875,167803.7808219178,170407.105,173608.63815789475,176873.24677419354,177568.4905362776,178206.94720496895,177169.77914110429,177206.5838414634,176058.17771084336,176896.51791044776,176491.93880597016,176060.0880597015,176652.68656716417,178076.73880597015,179695.14925373133,181530.17164179104,183207.16417910447,185445.00597014924,185905.3253731343,185329.7895522388
40,Oklahoma,OK,149051.88028169013,148726.68309859154,149444.8028169014,148929.25352112675,150550.88888888888,150548.64583333334,149372.42361111112,149583.90277777778,149015.801369863,150638.47297297296,150631.8108108108,148887.72972972973,147393.48648648648,146038.42567567568,147506.42567567568,148529.90666666668,149982.62666666668,149139.55333333334,148139.84666666668,146668.29333333333,146770.11333333334,146168.12666666668,146019.72666666665,145793.38666666666,145802.9,145902.0,148248.52,147356.24,148593.39333333334,149296.68666666668,148269.17333333334,147498.11333333334,148157.39333333334,148625.76315789475,147922.75324675324,147546.18181818182,147577.3116883117,148813.44155844155,149143.6012658228,150737.63924050634,151349.93037974683,151986.19620253163,151414.06790123458,152060.06790123458,153247.22222222222,153414.54938271604,154131.23456790124,152902.24390243902,153974.69512195123,154171.3674698795,154083.46470588236,156062.11176470589,158275.15697674418,159368.36781609195,159270.24137931035,159128.8103448276,158181.25862068965,158049.0632183908,158071.41379310345,157366.73863636365,159849.92777777778,160654.20652173914,161256.61413043478,162125.8924731183,163208.96842105262,163820.40625,162833.0612244898,162391.42346938775,162156.297979798,161627.17676767678,161385.08080808082,161115.82,160950.3316831683,162026.27722772278,162688.60194174756,164003.00476190477,170023.21495327103,170910.82710280374,169264.7389380531,169846.25877192983,170737.32327586206,170433.58620689655,170514.452991453,170120.1965811966,169124.2125,169420.97083333333,167887.54132231406,171066.11788617886,170861.39763779528,172828.80078125,174104.79615384617,172347.91984732824,173019.72900763358,172419.12977099235,171301.46564885497,171374.16412213742,170801.0496183206,171833.92748091603,174028.08396946566,176401.8969465649,177279.95801526718,177777.52290076335,177064.65267175573,176509.41984732824
41,Oregon,OR,271265.1462264151,268454.391509434,266182.9716981132,262625.3537735849,263764.929245283,263269.891509434,261325.5896226415,259450.49056603774,254420.35849056602,253998.9495412844,253333.29816513762,245454.8681818182,241217.9090909091,238457.9909090909,241842.24324324325,242499.55855855855,244670.14414414414,246998.6919642857,247132.13392857142,247362.5267857143,246725.25892857142,242981.25,235875.2544642857,230440.78761061947,228761.15486725664,228667.9649122807,230687.90350877194,234367.6096491228,237061.11403508772,239772.2105263158,242132.6754385965,243536.31578947368,241805.56578947368,242112.53070175438,241166.85087719298,240733.8652173913,242477.0347826087,247122.97844827586,252783.4745762712,259863.33050847458,265211.96638655465,269217.74583333335,270466.0375,269033.1198347107,270817.9132231405,270728.5082644628,271596.33196721313,271096.8073770492,267735.43902439025,272605.93951612903,274601.64,279731.8531746032,278867.85826771654,284056.2677165354,286486.73828125,285735.171875,283610.90234375,281528.90234375,281855.234375,283021.74609375,285316.80078125,287660.375,292406.8062015504,295896.2923076923,300237.6076923077,302927.6346153846,303095.6259541985,305237.8129770992,305997.43511450384,308980.2213740458,312522.64015151514,313073.82196969696,314100.45075757575,317458.0227272727,323822.6541353383,329259.6616541353,333068.0335820895,336274.0186567164,340132.26666666666,340353.48529411765,341155.0073529412,342118.35401459853,344730.64130434784,348014.52173913043,351215.082733813,350854.76978417265,353322.84285714285,357591.20070422534,364156.19655172416,366094.7108843537,367397.88095238095,364448.20608108107,366817.07046979864,366927.3288590604,367402.28859060403,367731.4630872483,370260.09060402686,374026.27516778524,375615.1073825503,381311.41610738257,383653.3456375839,385782.4731543624,385900.1912751678,386981.0402684564
42,Pennsylvania,PA,219971.89029535864,219601.8151260504,219144.28215767635,218396.21106557376,219182.31224489797,218269.18775510203,216465.24796747966,215653.49593495936,213596.07085020244,211004.63346613545,209316.44023904382,208590.18924302788,207000.58167330676,206785.01581027667,205977.7648221344,205613.19881889762,206613.81640625,205260.03682170543,204979.7073643411,204118.75675675675,202446.1718146718,201002.95769230768,200593.375,199725.325,198578.33333333334,198237.54580152672,200308.12213740457,200491.19056603772,200657.89285714287,200533.2444029851,198922.88703703703,197840.96863468635,196519.03860294117,195679.1544117647,197153.98,198977.27173913043,199401.96570397113,200553.4392857143,202696.31607142856,203891.67375886525,206595.87719298244,207311.7787456446,206060.89619377162,205976.29411764705,206874.0034364261,205865.59246575343,206248.79965753425,206859.24744027303,206432.265993266,206898.71,208963.73255813954,212268.01803278687,215017.15161290322,213882.05573248406,214295.75394321766,213309.93710691825,213218.4265625,211795.6625,211774.11111111112,211612.12923076923,213225.0045592705,213879.8851963746,215989.27560240965,217903.41467065868,218582.16666666666,218428.1401179941,218871.5705882353,217477.0293255132,218115.88338192418,216200.17971014493,217536.84005763687,215662.06552706554,214756.92329545456,215606.2212885154,216701.49309392265,218525.91232876712,219700.56639566395,221887.89678284182,221514.58,220015.47733333334,221439.7175066313,220384.0600522193,220060.98311688312,220514.2827763496,220091.45477386934,220996.34275184275,223765.61666666667,228670.69906323185,229735.77314814815,231540.8413242009,231564.11711711713,229856.597752809,229066.1258351893,227430.97136563878,228485.83039647577,227846.8425110132,227774.25881057268,228644.87334801763,229356.36563876653,231258.86563876653,233535.99118942732,235159.42621145374,235500.66189427313,235036.62114537446
44,Rhode Island,RI,292440.4,281307.09722222225,277757.0,278389.18055555556,279348.4861111111,276855.44444444444,275413.06944444444,277775.0,271646.93055555556,268369.44444444444,267703.06944444444,263875.6666666667,261314.73611111112,257166.875,256434.41666666666,256689.81944444444,254916.22222222222,285683.8108108108,285185.2702702703,282107.0,280708.08108108107,276556.1756756757,273345.9459459459,269052.0,269634.1216216216,270379.7162162162,273082.4459459459,273275.2972972973,278481.08108108107,278846.0945945946,281136.4864864865,280339.13513513515,279565.9459459459,280079.7297297297,278713.45945945947,275306.5945945946,277068.91891891893,279971.3378378378,281047.9459459459,286483.2837837838,285660.8108108108,288605.4054054054,288640.2162162162,293222.97297297296,295159.45945945947,292443.24324324325,293469.2297297297,295409.45945945947,291861.0,294733.54054054053,293675.0,293410.8947368421,296932.8947368421,295431.7236842105,298002.2894736842,294468.3947368421,294289.4605263158,290602.6052631579,288981.55263157893,291250.0,293043.2631578947,294760.5263157895,291703.9342105263,289431.5657894737,297901.1538461539,299762.57692307694,304831.25,306842.5,305200.2,306481.225,306801.8,303861.225,301112.4625,306080.25,306519.875,308590.0125,313261.0625,314783.7375,319964.15,319799.95,318083.75,319876.25,318091.25,317775.1875,317957.425,318207.475,318982.1951219512,338764.98863636365,347669.86363636365,353975.9090909091,352539.1818181818,350867.55555555556,351319.77777777775,352000.36666666664,354332.0888888889,353442.8333333333,352767.3,356629.0111111111,358084.94444444444,361138.27777777775,361422.2,362738.44444444444,363338.31111111114,360556.2444444444
45,South Carolina,SC,218718.03370786516,215785.07303370786,214001.5617977528,213045.11235955055,212338.47191011236,212618.76404494382,208328.81460674157,208066.23033707865,207556.16853932585,207004.03370786516,206122.0393258427,202187.3033707865,200105.08988764044,197453.12921348316,198393.80898876404,198268.67777777778,198995.15555555557,198659.66666666666,197343.46666666667,197169.95555555556,195938.38333333333,193999.42222222223,192604.38333333333,196243.5054945055,193719.97395833334,192567.34848484848,193900.9292929293,192574.48,201907.79207920792,201865.3712871287,201141.8712871287,199707.91089108912,196964.6519607843,195999.4019607843,195695.5588235294,195518.17156862744,196595.068627451,198735.28640776698,200315.9951923077,206405.1261682243,207612.32242990655,208804.7523364486,210451.2429906542,210357.05607476635,215179.16513761468,218611.52252252251,217929.51801801802,216750.35267857142,215879.9419642857,216756.50892857142,219940.42477876105,223225.05263157896,224611.98684210525,225897.6403508772,225960.05263157896,225850.18859649124,225860.1754385965,222624.39912280702,225928.24561403508,224819.41739130433,224254.7347826087,227137.0603448276,227875.2198275862,228884.9224137931,230229.0129310345,231037.87606837606,232248.79237288135,231775.65254237287,233538.96638655462,235056.625,238581.36363636365,238369.22314049586,239430.5655737705,240277.28,241469.52777777778,243110.0119047619,241822.81297709924,244710.57633587785,245105.0114503817,243424.6553030303,246338.59774436092,248314.84962406015,246905.53731343284,250244.78467153283,248442.02536231885,248443.3107142857,250842.05357142858,262103.63888888888,263097.3605442177,265870.88513513515,266340.3466666667,264113.74013157893,267503.45751633984,268126.5806451613,268333.93870967743,269143.5258064516,267845.77419354836,267615.42903225805,268957.5193548387,272408.5935483871,272841.33225806453,273401.93870967743,275926.5967741936,273320.05483870965
46,South Dakota,SD,182535.7142857143,178435.7142857143,177164.2857142857,174803.57142857142,174013.33333333334,174293.83333333334,175679.93333333332,175143.33333333334,172290.0,170493.33333333334,171560.0,165383.33333333334,163926.66666666666,165027.56666666668,163840.0,166188.33333333334,171569.83333333334,172425.16666666666,172826.66666666666,172196.66666666666,171083.33333333334,169840.0,166198.33333333334,165098.3,163093.33333333334,165938.33333333334,165679.6875,168212.5,167884.375,168296.875,167518.75,165025.0,162746.875,160584.375,160756.25,159906.21875,161590.625,165975.0,168706.25,172328.125,174234.375,176081.25,178956.25,178312.5,179443.75,181153.125,182081.25,180687.5,180415.625,178175.0,190085.29411764705,189561.88235294117,191455.88235294117,197820.70588235295,198539.70588235295,203106.88235294117,204235.29411764705,202627.70588235295,201272.91176470587,199536.76470588235,199532.35294117648,199176.4705882353,198597.0588235294,201308.82352941178,203758.33333333334,206680.55555555556,210936.11111111112,208160.5,207017.23684210525,203002.63157894736,205692.07894736843,206221.02631578947,207042.475,204981.25,209884.975,209510.7142857143,210166.66666666666,215113.63636363635,213305.18181818182,213354.54545454544,214493.08695652173,214933.91304347827,217180.4347826087,217981.52173913043,217716.30434782608,219445.65217391305,219573.91304347827,224821.73913043478,222973.95833333334,224306.96,225335.8,226046.15384615384,228389.42307692306,230537.03703703705,228636.11111111112,231229.62962962964,232140.74074074073,233368.5185185185,238127.77777777778,243613.88888888888,243683.33333333334,244090.40740740742,241079.62962962964,238883.87037037036
47,Tennessee,TN,200121.7276422764,198912.9674796748,197548.64112903227,195544.0685483871,195283.612,193399.652,191766.86,190809.132,191075.276,189950.16,190237.376,189072.108,187007.024,184439.028,185882.74,185414.892,186042.9642857143,185164.42063492062,185605.9126984127,184625.37301587302,184049.60714285713,182416.25590551182,183040.5472440945,182141.38976377953,180996.32421875,180246.55859375,181592.94921875,182117.8992248062,182387.92635658916,182551.32558139536,182063.3023255814,181510.90384615384,180830.25190839695,180094.26515151514,181527.82954545456,181927.64772727274,182274.67803030304,184391.52651515152,186145.75939849624,188920.02631578947,191420.99253731343,192267.91044776118,194161.66417910447,194130.24253731343,196403.22222222222,195299.30656934305,195690.9197080292,196420.26449275363,195256.07142857142,194282.27659574468,196429.06028368796,198907.33687943264,199375.13028169013,200220.67482517482,199286.67708333334,200793.9103448276,201717.69310344828,202346.70344827586,201797.29794520547,203774.3775510204,205998.7939189189,206271.49324324325,207990.1879194631,210177.8355704698,214487.3355704698,216871.53642384105,215578.46026490067,214800.66993464052,216034.98039215687,215297.83121019107,216918.9716981132,218411.99689440994,218653.59937888198,218404.87577639753,221006.0393939394,224948.63473053894,227529.38662790696,229273.6724137931,230805.35142857142,232391.86931818182,233039.3125,233293.98870056498,232708.20391061454,232292.34916201117,231401.71666666667,231693.82967032967,234930.07065217392,238482.4494680851,239091.67357512953,241796.02295918367,241659.38944723617,241472.73880597015,242121.0671641791,241448.08910891088,242090.400990099,244261.448019802,244648.47772277228,245297.89603960395,245138.04207920792,249026.0198019802,249629.52475247523,250986.57673267327,251031.26237623763,249029.7004950495
48,Texas,TX,192067.66176470587,191787.92533333335,190955.62599469497,190467.3201058201,191410.03703703705,191327.49472295513,188935.23684210525,188919.42763157896,189353.59078947367,188379.13815789475,188157.57894736843,185833.03664921466,184485.44778067886,183690.62760416666,184230.96484375,184742.11168831168,185827.207253886,186032.83333333334,185160.47674418605,185012.67183462533,184325.16408268735,184591.50258397934,184194.11469072165,184349.2719072165,184047.20179948586,184644.1064102564,186969.74615384615,188283.99872773536,188734.5202020202,189441.18261964736,189339.57788944725,189823.14698492462,189904.94987468672,190377.7305764411,192594.2331670823,193251.64267990075,194827.131773399,197168.81173594133,200979.89588377724,204140.84745762713,206044.94444444444,207858.0576923077,208642.4582338902,208764.525,210651.38214285715,212872.8498817967,213986.0704225352,216541.86627906977,216736.1113689095,219969.4908045977,224007.37669683257,227376.28426966292,230475.63766519824,229622.69305856834,232591.82832618026,235922.44029850746,240803.49260042285,241169.54716981133,242278.96450939457,246087.6886597938,249360.43089430896,251613.937,257299.62055335968,260225.255859375,259553.9875,257677.14733840304,258348.94360902256,258166.68494423793,259403.11172161173,261811.98454545456,263236.667266187,266768.7121212121,265850.0644876325,264299.29253472225,267374.2151260504,268364.0797342193,268227.86617405585,268242.41085899516,267150.2078651685,265742.0150554675,265912.6283464567,266048.8176838811,265284.8429237947,266625.8188854489,267171.39938556065,268542.9269578313,269392.59305760707,272178.49781341106,272624.76834532374,271683.14978602,270690.68169014086,270550.3210306407,270665.8497229917,269495.2516960651,270005.49932157394,270754.92198100407,271442.73473541386,272163.5841248304,274188.59294436907,277081.6750339213,277799.67435549526,277916.9131614654,277512.3582089552,275518.1275440977
49,Utah,UT,231227.99137931035,228632.60344827586,225894.81896551725,226091.58620689655,225180.2672413793,222425.9396551724,219198.83620689655,218225.8620689655,217068.9827586207,213675.9396551724,213763.89655172414,209143.6896551724,206090.5172413793,206014.7068965517,205608.87068965516,202906.43103448275,203163.87068965516,202185.75862068965,202605.43103448275,202021.0948275862,203521.7931034483,205453.0775862069,204077.72413793104,203137.9827586207,201489.6551724138,202146.62068965516,204067.22413793104,205519.12931034484,207168.35344827586,208761.69827586206,209925.6551724138,211964.81896551725,213163.05172413794,216554.34745762713,219092.4745762712,222005.15833333333,224269.80833333332,225786.70491803277,231994.7857142857,235307.5158730159,242025.40476190476,244669.34126984127,247148.33333333334,250066.0158730159,249609.89682539683,248772.83333333334,249410.171875,249102.890625,247274.5625,248893.640625,249924.5,253987.4153846154,258442.13846153847,258892.85384615386,261640.2,262642.3538461538,262634.8307692308,264017.94615384616,262181.23484848486,264468.75373134325,265931.7910447761,270899.41911764705,272789.1911764706,281265.3768115942,284972.22463768115,286130.25,289526.97857142857,290456.8357142857,292366.3857142857,319588.8541666667,322609.875,323772.6666666667,328382.59027777775,329212.9315068493,334220.3766233766,329541.0833333333,329019.0128205128,333877.64556962025,327283.69375,331027.625,332577.225,335946.05625,338879.4375,339279.7625,342374.25925925927,342923.23456790124,344724.73170731706,352497.9337349398,354410.0903614458,355650.4476744186,357129.74418604653,356081.4252873563,362940.7068965517,363048.6206896552,367907.6149425287,372795.7126436782,375076.2068965517,374235.1436781609,377905.2356321839,379948.0057471264,379765.9310344828,381164.8045977011,383502.775862069,380921.908045977
51,Virginia,VA,302844.1015625,302087.6015625,300964.3730569948,300062.7706185567,299399.32994923857,296610.93434343435,294576.88442211057,293104.7713567839,290131.175,288732.4675,287194.805,283270.045,280844.0125,280290.763681592,284489.1287128713,286233.5931372549,289826.8268292683,288805.13658536586,287980.71463414637,287779.0048780488,285406.46341463417,283155.8268292683,281050.43170731707,279263.7487804878,280492.69024390244,283405.0917874396,285323.15071770333,287333.42180094786,289449.17061611376,292660.90654205607,291861.9767441861,290046.525462963,289161.66589861753,290371.8967889908,293079.83027522935,291658.3409090909,294722.77954545454,296094.98198198195,298988.71076233184,303598.7898230089,302886.4285714286,305267.6120689655,306011.9331896552,303060.4159482759,304136.9396551724,301829.23504273506,302849.3872340426,304405.7914893617,308358.37605042016,306387.64495798317,310886.94008264464,313874.4224489796,314900.35282258067,313537.1746987952,312157.742,312541.0438247012,311236.01992031874,309757.2669322709,307836.47420634923,306443.4624505929,305987.34117647057,307854.490234375,310243.77713178296,313290.83397683396,313623.1230769231,311361.2298850575,305217.08396946563,309663.247148289,309707.0456273764,308328.63636363635,306010.44716981135,306356.5320754717,308840.5283018868,307812.9943396226,311051.0780669145,313622.71794871794,315411.7281021898,314387.2,312759.5109090909,312581.80797101447,312392.99097472924,312490.2661870504,313197.6594982079,313128.86879432626,314400.28723404254,316737.9561403509,323988.47089041094,330262.5152542373,332404.21644295304,331061.5733333333,329187.8125,326384.45588235295,324876.2508090615,325241.47588424437,327093.6446945338,326629.384244373,327840.22508038586,328713.4887459807,328997.9951768489,332052.42122186493,332862.37138263666,333021.58360128617,331844.963022508,331317.91639871383
50,Vermont,VT,239659.375,237740.625,235628.125,236868.75,259855.88235294117,257085.26470588235,258847.0588235294,259535.29411764705,258798.5294117647,260398.61111111112,255827.77777777778,254455.55555555556,250549.58333333334,249922.22222222222,248188.88888888888,243684.72222222222,249930.55555555556,239968.42105263157,233622.5,233930.95238095237,233411.90476190476,233775.57142857142,226320.45454545456,225802.25,226729.54545454544,229575.0,226384.0909090909,223676.45833333334,221547.91666666666,225399.6875,221083.33333333334,220487.5,218475.0,217658.33333333334,215594.77083333334,213712.5,230813.2,232037.96,233787.96,233262.0,237424.66,235474.52,240460.58,237530.0,236950.1,235541.0,238363.8076923077,236348.5576923077,240975.0,228889.39285714287,232258.17857142858,239010.37931034484,241441.66666666666,244185.0,239670.0,238916.66666666666,235693.33333333334,237823.7,235777.03333333333,238381.66666666666,237518.33333333334,240485.703125,238250.0,240649.140625,240248.4375,244267.5,242267.1875,242982.8125,242730.390625,253637.87878787878,256368.18181818182,252921.21212121213,252409.28787878787,248048.70588235295,245184.27142857143,249467.0,250379.22222222222,248781.91666666666,248854.13888888888,247154.13888888888,249847.13513513515,250647.2027027027,252798.5,252240.77631578947,253615.77631578947,256488.15789473685,263076.25,262203.125,263303.6341463415,264909.5238095238,267125.5813953488,266831.3953488372,268855.81395348837,267666.27906976745,268835.4651162791,267986.23255813954,265550.4651162791,265649.26744186046,267383.5581395349,267657.38372093026,267948.77906976745,271205.81395348837,274587.20930232556,270760.4651162791
53,Washington,WA,285896.696875,281653.6125,279597.934375,277085.83229813667,277464.7204968944,276538.512345679,274388.20061728393,273456.04294478527,270208.8312883436,266977.09509202454,263646.23312883434,258549.38957055216,253787.19938650308,250968.69325153375,250232.21341463414,247853.5975609756,248217.33636363636,248601.16666666666,247788.60606060605,246514.79393939395,245167.62424242424,241470.85757575757,237540.99696969698,234529.68787878787,234803.0393939394,234870.07228915664,237593.69642857142,242816.44082840238,248323.3224852071,250391.41124260356,253115.8698224852,253218.88461538462,251521.50591715975,251484.4294117647,250972.08529411766,249876.94705882354,250887.1205882353,256522.06395348837,262248.87861271674,266379.4739884393,276608.03428571427,279422.79142857145,282918.07954545453,282065.6488764045,282442.0252808989,282003.75,281572.3820224719,280317.32960893854,279826.08011049725,282157.8425414365,287308.2087912088,290477.5355191257,291630.8524590164,299321.42391304346,300585.48913043475,300186.589673913,299757.8198924731,297755.0376344086,297129.46774193546,295920.08602150535,296307.29679144383,297745.90159574465,303023.70263157896,308820.6236842105,314741.2760416667,317902.5207253886,320007.1881443299,321591.68298969074,322758.88974358974,322550.44102564105,326634.9362244898,327754.35204081633,329410.6556122449,331156.1852791878,335566.73350253806,342336.263546798,350060.31219512195,353380.8658536585,353086.6195121951,354623.3219512195,355921.787804878,358343.7014563107,360453.0,362655.3495145631,363433.6067961165,368910.504784689,375095.03255813953,389676.5389908257,394156.8068181818,399863.41628959274,400652.84529147984,400847.1860986547,402790.66964285716,408381.75,412317.4776785714,412314.54241071426,416371.375,420668.17410714284,427192.69196428574,431507.0691964286,438120.8683035714,440342.1964285714,440692.125,438617.296875
55,Wisconsin,WI,184324.3376068376,183983.46153846153,184392.5338983051,183084.82773109243,182745.1344537815,183410.5,183238.8347107438,184615.70247933886,181515.78512396695,180029.15983606558,178937.63524590165,173708.00406504064,171394.92682926828,170868.60162601626,171344.13414634147,173700.14,176894.53543307088,174699.8307086614,172841.91338582677,171969.921875,171146.51953125,170744.2109375,169086.6328125,165483.953125,163528.3046875,163403.4573643411,164956.85496183205,165256.85227272726,165270.93181818182,165985.51515151514,164826.3233082707,163605.2180451128,162572.25563909774,161256.96240601502,160707.92857142858,158803.56390977444,160932.51481481481,162528.32971014493,164241.8309352518,167791.42446043165,170648.41007194246,172248.97857142857,174061.71631205673,173931.7659574468,174147.43262411348,173457.8076923077,170777.06206896552,169934.91438356164,169939.60738255034,171460.43333333332,174297.81,179078.82467532466,181213.9322580645,181947.43037974683,182034.2405063291,182960.85534591196,183334.11635220126,182474.5251572327,181555.51886792452,180834.30625,181891.92857142858,183305.6801242236,184788.40490797546,189112.92073170733,190501.09146341463,191394.44545454546,193015.9096385542,193205.29041916167,193855.46130952382,193953.39880952382,192362.1994047619,190349.37573964498,189821.19822485207,191193.95614035087,193440.4195402299,194439.65168539327,196448.86187845303,200170.20218579235,201521.3885869565,203420.0185185185,203247.93193717278,203085.34293193716,204624.6373056995,204177.9481865285,206727.2233502538,207910.91457286433,209365.44827586206,210197.14805825244,211724.10817307694,213505.76555023924,214022.85849056602,215181.5046948357,215243.03255813953,214411.17209302326,213935.9488372093,214219.1906976744,214557.07906976744,216507.43720930233,217138.59069767443,220026.31627906975,222870.07209302325,223971.8558139535,223480.3488372093,222592.96744186047
54,West Virginia,WV,161963.46153846153,159887.11538461538,157095.03703703705,156019.44444444444,156898.11111111112,156544.03703703705,155858.11111111112,155121.7962962963,155531.11111111112,155531.90740740742,152701.40740740742,151410.92592592593,149325.57407407407,146994.1607142857,149725.26785714287,149416.5892857143,153573.92857142858,152458.57142857142,152882.58620689655,152279.08620689655,153151.6896551724,151839.58620689655,155637.93548387097,154196.43548387097,155295.12903225806,153351.546875,152953.0,154391.53125,155446.265625,155725.296875,156932.671875,156851.703125,155573.359375,154792.34375,157171.0606060606,157248.4696969697,157287.14285714287,157768.2,157315.86111111112,160650.51351351352,162473.16216216216,162640.6081081081,162848.12162162163,163819.75675675675,162386.3108108108,159463.83333333334,159703.42307692306,160062.52564102566,161262.375,163197.31707317074,166704.97619047618,170830.11627906977,170500.8023255814,171693.81818181818,170751.7,169847.40425531915,170584.17021276595,169828.1914893617,168616.97872340426,168297.01063829788,166984.12765957447,167006.47872340426,168173.48958333334,168526.0,169629.21568627452,169142.1851851852,168257.1851851852,167703.8909090909,167923.45454545456,168703.9909090909,170109.66363636364,167783.44545454546,166654.01785714287,164746.4649122807,167694.18421052632,169205.65833333333,168929.54166666666,168864.06666666668,168344.525,167987.75,165111.58333333334,164122.40833333333,162560.81666666668,162833.78333333333,163198.5819672131,163165.13709677418,163965.15873015873,166384.81746031746,168615.76923076922,169628.45384615383,169483.53787878787,166782.4393939394,167173.5606060606,165418.46268656716,163640.64925373133,162913.9328358209,162648.5671641791,163006.10447761195,164797.67164179104,165847.68656716417,167696.92537313432,169024.90298507462,169003.52985074627,168176.8656716418
56,Wyoming,WY,217342.3076923077,208500.0,208142.3076923077,207634.61538461538,209133.46153846153,205893.33333333334,205659.0,204553.33333333334,202120.0,201206.66666666666,200650.0,196893.33333333334,199480.0,197023.33333333334,201023.33333333334,204819.96875,208634.0625,208234.0625,207803.125,210000.0,210981.25,209237.5,211306.25,209318.75,207075.0,211655.88235294117,210229.70588235295,210150.0,206111.11111111112,206000.0,206618.61111111112,207141.66666666666,203855.55555555556,203711.11111111112,203752.77777777778,203505.55555555556,205684.72222222222,208626.38888888888,210816.66666666666,215025.0,219740.7894736842,220236.7894736842,220383.2105263158,218639.44736842104,220263.52631578947,218846.07894736843,221457.8947368421,217007.8947368421,218565.7894736842,223144.73684210525,226249.34210526315,228543.3947368421,232047.36842105264,235667.1052631579,235686.52631578947,239286.84210526315,243886.7894736842,236203.42105263157,236571.44736842104,239466.25,238275.19047619047,233295.2380952381,232998.61904761905,231268.18181818182,230280.68181818182,231302.27272727274,232638.63636363635,234204.54545454544,236683.4090909091,236313.97826086957,236327.58695652173,234073.65217391305,231466.84782608695,227372.39583333334,233121.98,232191.0,231008.0,232226.0,234850.0,232614.08,232552.04,234201.0,238078.82692307694,233269.60714285713,234295.0344827586,233067.72413793104,236256.72413793104,235459.3448275862,234579.27586206896,232543.33333333334,235250.0,232030.98333333334,269322.5806451613,269730.70967741933,271324.77419354836,270622.5483870968,268898.3870967742,278459.67741935485,278922.17741935485,279193.5483870968,276087.0967741936,284517.7419354839,285239.51612903224,279211.29032258067
