topo_id,state,abbreviation,2010-01,2010-02,2010-03,2010-04,2010-05,2010-06,2010-07,2010-08,2010-09,2010-10,2010-11,2010-12,2011-01,2011-02,2011-03,2011-04,2011-05,2011-06,2011-07,2011-08,2011-09,2011-10,2011-11,2011-12,2012-01,2012-02,2012-03,2012-04,2012-05,2012-06,2012-07,2012-08,2012-09,2012-10,2012-11,2012-12,2013-01,2013-02,2013-03,2013-04,2013-05,2013-06,2013-07,2013-08,2013-09,2013-10,2013-11,2013-12,2014-01,2014-02,2014-03,2014-04,2014-05,2014-06,2014-07,2014-08,2014-09,2014-10,2014-11,2014-12,2015-01,2015-02,2015-03,2015-04,2015-05,2015-06,2015-07,2015-08,2015-09,2015-10,2015-11,2015-12,2016-01,2016-02,2016-03,2016-04,2016-05,2016-06,2016-07,2016-08,2016-09,2016-10,2016-11,2016-12,2017-01,2017-02,2017-03,2017-04,2017-05,2017-06,2017-07,2017-08,2017-09,2017-10,2017-11,2017-12,2018-01,2018-02,2018-03,2018-04,2018-05,2018-06,2018-07,2018-08,2018-09,2018-10,2018-11,2018-12,2019-01,2019-02
2,Alaska,AK,274036.1,277230.0,277326.66666666674,282388.06666666665,281028.125,276871.84375,274362.5,273353.78125,271731.25,269907.5625,266018.6875,258041.17647058825,256503.55882352943,258326.0882352941,259480.8823529412,259080.64705882352,266000.0,264547.0,264397.0588235294,263749.9411764706,264658.82352941175,263476.4705882353,259426.4705882353,259658.82352941175,260829.4117647059,258852.94117647057,256009.8611111111,261475.0,261747.91666666663,270331.5789473684,266517.10526315786,265928.94736842107,264107.89473684214,260426.84210526317,258056.1842105263,260518.3947368421,260696.8947368421,265255.26315789466,270005.26315789466,269648.2894736842,274771.05263157893,272868.4210526316,271594.73684210534,270839.4736842105,272097.36842105264,273376.3157894737,269318.36842105264,271747.36842105264,272402.63157894736,275266.5789473684,278476.3157894737,280491.3157894737,284811.25,285430.0,286792.85714285716,282990.4761904762,279673.7857142857,275785.69047619053,272396.4285714286,273961.8809523809,276910.4545454545,282431.8181818182,284517.2272727273,292593.1818181818,290710.4545454545,287398.8043478261,289456.0869565217,289451.6304347826,289947.6875,286766.04166666674,287907.29166666674,289770.0,286188.0,287567.98,287904.0,288291.34615384607,288881.09615384607,288384.6153846154,286061.53846153844,286030.76923076925,288223.07692307694,285067.28846153844,286050.0,281894.84615384607,280406.73076923075,281694.23076923075,282853.84615384607,289587.5,293237.0,291791.0714285714,290481.25,291858.75,292545.5,287598.125,283854.46428571426,282198.7857142857,282194.625,284931.23214285716,287755.0714285714,292962.5,293607.14285714284,295669.0,296116.0714285714,295439.2857142857,293841.59375,292438.03125,291626.78125,291418.6875,291482.5,291314.65625
1,Alabama,AL,188337.13551401868,187864.07476635516,187173.761682243,183167.19907407407,182431.26388888888,181704.53703703702,180428.78703703702,179656.63888888888,178971.09633027524,178058.42660550462,177412.24311926606,175498.76605504588,174725.44495412847,173459.91743119265,173912.2,173629.8,174604.71621621618,173933.42857142858,174124.45982142858,172179.4017857143,172900.5580357143,170901.41150442482,169932.87168141597,167939.07894736846,167665.28070175438,167074.1869565217,167957.47391304348,168191.8304347826,167643.18376068375,168366.61965811966,167795.86864406778,168315.56722689074,167555.52066115706,167424.18595041323,167534.77685950414,167781.5,167100.37704918033,168567.85655737706,169688.3130081301,172597.08536585365,173366.86399999997,173309.24,174770.4,173442.8203125,173953.78515625,173863.0234375,173711.52713178293,173348.8923076923,173029.5534351145,174258.81203007518,175070.66917293234,175067.72962962964,176064.61029411765,177636.10294117648,175680.61678832115,175502.1726618705,174797.71582733814,173077.93262411348,172983.7867132867,170608.47569444447,174611.2294520548,174363.9081632653,175853.8605442177,176962.96283783784,176304.13157894733,175922.98039215687,176412.50980392157,176282.43181818182,178288.04193548387,178495.58653846153,177541.5955414013,178357.21974522292,178641.9493670886,177489.075,180132.53963414638,183612.90303030304,183620.06845238095,185781.24269005848,186118.3333333333,185767.41379310345,184976.59142857144,184783.41193181818,185567.46875,185522.07102272726,187128.03672316388,186825.06983240225,187009.47237569068,188835.74590163934,190156.307486631,190431.5052910053,190816.83947368423,189058.36855670105,187603.96192893398,187294.7233502538,187755.49492385786,187497.423857868,188112.80710659895,188495.82994923854,190078.26903553298,193199.86040609138,194406.28934010156,194925.71573604058,194708.94670050763,195621.23096446702,193027.28125,191989.296875,190855.015625,189804.90625,188833.796875,187929.984375
5,Arkansas,AR,159239.3650793651,158150.09523809527,157768.74603174606,156860.70634920636,159096.17460317462,159313.15873015873,158699.26984126985,158222.6984126984,156376.2619047619,155846.0158730159,155352.5873015873,152712.6984126984,151652.92063492062,150991.42857142858,151405.05555555553,152034.765625,153397.578125,153381.5625,153510.703125,154362.109375,154321.84615384616,152724.16153846154,153143.9393939394,153314.76119402985,152837.31343283586,153100.58955223882,154146.97014925373,156748.86764705885,157271.63571428572,157383.12142857144,156695.85714285713,154720.9357142857,152929.38571428572,152719.33571428573,151833.8142857143,151361.5,151599.7394366197,153030.15277777778,153665.17361111112,154521.8581081081,154467.2972972973,155181.4391891892,154924.49324324325,153421.29054054053,153364.6891891892,152591.52027027027,151180.13513513515,151657.6081081081,150434.56666666668,149625.98666666663,150651.09333333332,152518.24,153008.80921052632,154743.03246753247,156137.1794871795,156095.91025641025,155066.45512820513,154898.62179487178,154079.20512820513,153898.0,154776.33333333337,156491.64743589744,158560.48076923078,159894.59615384616,162368.53205128206,164237.25316455695,164038.13924050634,161885.6875,159444.0987654321,160642.0481927711,160790.23493975904,159866.45238095234,160165.8392857143,160472.43604651163,161906.86363636365,162250.13333333333,163557.31666666668,165037.21666666667,165719.03296703298,165056.68279569893,165547.77956989247,163530.02659574465,163591.95744680852,165637.41578947369,165512.5,164134.4595959596,165723.5,171723.8786407767,173132.42233009712,175520.30952380953,175048.05188679244,173450.05660377358,173749.59345794393,173711.7429906542,174465.84112149532,174711.53738317758,175170.261682243,175288.34112149532,175891.82242990655,175432.54205607474,174997.1214953271,176315.84112149532,176038.61682242987,177874.45327102803,175629.90625,175004.28125,172438.984375,175919.421875,178431.671875,183048.84375
4,Arizona,AZ,259951.11507936512,257748.503968254,254700.31746031746,252817.18650793648,247331.69444444447,241828.32936507935,240790.18897637798,239257.4765625,234116.31640625,234267.07421875,231931.88759689927,228998.82945736434,225940.06976744183,224408.2480620155,223813.80620155038,220355.65891472867,221165.63953488367,220934.76744186046,218675.42248062012,217987.50387596895,218393.2170542636,219382.47286821707,219854.56589147288,221531.13565891472,224033.67829457362,225988.4651162791,228252.05813953487,231645.91472868214,235160.11627906977,237893.23846153845,237091.35606060605,236931.99626865672,239493.6791044776,241068.58888888892,243557.8933823529,245017.63768115945,249168.84285714285,252704.4,254099.87152777772,257182.80821917808,257002.0,255619.65605095538,254735.9223602485,253917.5030120482,254107.8136094675,252947.46551724142,248469.96153846156,249272.74731182802,247161.84473684212,246929.64659685863,247987.94791666663,248237.3469387755,249224.37055837567,250525.0376884422,248450.0272277228,247948.18564356441,248021.27317073173,249572.23414634148,249569.8,251037.63658536586,251592.24390243908,252731.9804878049,254693.24390243908,256025.42028985513,258205.1618357488,260015.07932692303,258400.81904761906,261094.5853080569,263358.2405660377,264832.50471698114,266238.06807511736,266132.5023474178,266446.7780373832,267391.22196261684,268083.6378504673,270312.7023255814,272014.9027777777,273320.84490740736,272579.3156682028,272095.8302752293,274287.4518348624,276706.93807339447,278478.56164383556,279138.1598173516,280042.49772727274,281163.42272727273,284011.83863636357,286655.5045454545,289321.3568181818,288971.0659090909,288490.9301801802,288076.6875,288634.78348214284,289667.72,291632.6488888889,292325.71555555554,293936.6288888889,295787.3577777777,296593.87555555557,298582.1022222222,300579.10444444447,301143.71333333326,301706.9088888889,302607.15333333326,303207.1875,303746.5,304126.6875,304298.21875,304347.75,304239.90625
6,California,CA,439534.28317535546,434727.36674528295,431413.1733021077,430828.5327868852,431985.8805620609,430196.14719626174,427640.80724299065,428736.148364486,421357.7593457944,417618.3539719626,414859.86448598135,408181.9300699301,404265.5757575758,401685.0093023256,403493.409512761,402342.29099307157,403839.6977011495,403303.87586206896,402972.75057471264,400130.0885057472,395779.43103448284,392200.00229885057,388062.616091954,385194.6356321839,383805.4598623853,386002.3627002288,390837.0434782609,395203.0639269407,402635.72840909095,406415.7183257919,411127.37358916475,413508.24774774775,420334.8752808989,424214.3713646532,430085.4620535714,435736.140625,443971.1252771619,455237.7943107221,466001.23927038634,483362.24633123685,494331.50927835045,503535.2434343434,504923.97534516774,503539.2011494253,506827.76981132076,499659.06564748206,495111.2617801047,494565.9635593221,490000.4276422764,489229.61381475674,486867.1802147239,490113.3684210526,490110.49776785716,490777.6649709303,495253.8780663781,493576.4366906475,494110.272467903,493303.70454545453,491180.04178470257,494056.7379943503,497691.65427769994,499182.20068027213,512174.5882749326,518929.574197861,526993.8039735099,527994.7660972405,531306.4902088773,540387.3484455958,541476.3009020619,546395.6471722365,547458.5937098843,553632.483974359,560853.8711928935,569206.7474811083,575588.9127182044,579913.2713226206,583797.8937346437,589544.912377451,590215.0250917992,594289.5796836982,596294.9381818182,601357.3518742443,603501.4558645707,612248.6230398071,613725.3415366147,616579.7743467933,621843.1487603306,629617.6837806301,634829.2389791183,637692.1825028969,639740.3348783314,640387.7212643678,642939.9592422503,645968.0034324942,650448.7202517162,654747.1962242563,659105.0943935927,662906.073798627,665623.9925629289,670458.9164759725,676389.5223112128,678443.5663615561,678621.4942791762,677694.2671624714,679941.75,681875.625,684531.5,687877.25,691565.9375,695792.9375
8,Colorado,CO,263805.7761904762,262523.93809523806,259475.4619047619,258608.34285714285,259124.37619047612,259307.63333333327,258571.97619047613,260726.55238095237,255082.7688679245,252966.0373831776,251567.5,246317.5140186916,244342.55140186922,242233.14953271032,241641.761682243,242094.55140186922,245067.67289719626,244409.75,245062.41666666663,245512.3287037037,245298.49074074073,245789.7685185185,243360.9351851852,241537.5185185185,240379.9305555556,242652.28440366968,247474.21818181817,250872.8818181818,254114.6181818182,255964.62727272732,256478.0,256863.3909090909,256443.2409090909,257210.84545454546,258651.88392857145,257489.92857142855,259723.92857142855,261685.5347826087,267573.04273504275,272777.73728813557,277069.5875,277859.8016528925,278013.76639344264,278914.881147541,285338.84146341466,283937.4233870968,286667.75,286511.288,287723.61904761905,294717.23622047243,296799.54296875,300074.80232558143,300782.072519084,305734.8977272727,306816.9318181818,309958.01515151514,312890.94696969696,313418.1628787879,314012.2575757576,317371.01136363635,324508.69029850746,324907.8633093525,326481.8085106383,331932.90845070424,335518.6875,338025.31164383556,357338.76666666666,366333.49006622523,369805.29276315786,371562.03618421045,376659.97096774186,384688.66772151896,387486.72012578615,390173.10802469135,389767.80769230775,392622.79117647064,396224.387283237,410618.1657142857,408919.7118644068,404723.0337078652,408553.4441340782,411793.7262569832,417106.6166666666,418696.98895027617,424142.37362637365,425211.8451086957,428193.79679144383,438283.06770833326,438392.3427835052,436274.567839196,439664.83165829146,440830.86815920396,444289.10643564357,446471.0911330049,448092.23152709357,454229.78817733994,455078.4359605911,456877.77093596064,457119.87931034475,457161.9926108375,458553.80788177345,459323.26354679797,459314.6995073892,455045.1896551724,452111.5625,453226.375,455464.1875,457211.125,457184.0,455895.78125
9,Connecticut,CT,366611.5365853658,366817.7096774193,365677.625,362328.71774193546,359486.06799999997,357633.584,352477.576,352342.284,346484.99600000004,345879.22799999994,343231.0357142857,339042.5357142857,341161.61904761905,337764.12598425196,337686.29527559056,337889.74803149607,339632.05118110235,339901.52362204733,336810.3582677165,335499.4094488189,331916.7244094488,330287.08267716534,345974.5234375,343606.5625,341981.140625,341487.54296875,343398.015625,343391.77734375,348115.3984375,347372.59375,345689.5078125,341224.8828125,346070.328125,348037.2421875,349719.5968992248,346938.23255813954,347575.1076923077,352545.1,349854.7328244275,350490.4812030075,356829.4776119403,358002.19402985077,357743.44402985077,356560.6156716418,358327.16417910455,359403.3097014925,358205.55597014923,357135.5481481481,360117.5777777778,364381.7904411765,358384.7517985612,360526.7985611511,360030.13309352525,359674.1402877698,358682.2517985612,356277.8273381295,355826.21223021584,354506.8633093525,353381.1510791367,354625.23741007195,361238.4496402878,363432.60714285716,361463.7142857143,375342.92708333326,374473.8172413793,373200.29655172414,374797.3275862069,373669.85172413796,373958.36551724136,371249.9275862069,369893.0482758621,369295.3275862069,367459.9275862069,371827.5034246575,374304.5479452055,387555.2789115646,387798.1768707483,387485.17346938775,391447.53378378385,390101.74324324325,407704.8657718121,402361.60067114094,404455.87919463095,400957.4295302013,402132.2315436241,413416.10526315786,412772.8677419355,410483.06050955417,408211.8417721519,404761.4716981132,405075.1635220126,401934.54402515717,402197.96875,398692.971875,397499.059375,395877.2875,397550.665625,399282.58125,401541.025,402191.9625,401424.303125,402425.175,400527.89375,398836.271875,397467.09375,394528.71875,392144.5,389367.90625,386396.375,384433.1875
11,District of Columbia,DC,351953.9285714286,357557.14285714284,365826.0714285714,362257.0714285714,363242.85714285716,360925.35714285716,354746.7857142857,356664.2857142857,354011.0714285714,346018.21428571426,350928.5714285714,348228.5714285714,346985.64285714284,339265.0,344351.7857142857,354023.35714285716,357998.35714285716,359161.7857142857,366407.1428571429,367050.0,372150.0,377007.1428571429,376678.5714285714,380158.7857142858,378044.2857142858,385185.7142857143,386500.0,395792.85714285716,393542.85714285716,400549.9285714286,406350.0,399228.5714285714,394464.2857142858,402346.4285714286,406614.2857142858,404607.1428571429,404135.7142857143,418192.85714285716,418727.1428571429,495456.25,515137.5,518736.25,502919.375,475725.625,490522.16666666674,505057.11111111107,509304.22222222225,503584.0,512315.5555555556,510926.61111111107,522616.66666666674,523194.44444444455,512471.61111111107,518033.11111111107,517316.5555555556,517843.33333333326,525231.8888888889,521161.11111111107,531549.4444444445,539111.0,532198.6111111111,526487.7777777779,548543.8888888889,556600.0,559654.4444444445,552038.3333333335,539597.1111111111,550422.2222222221,559639.5,566086.1111111111,555799.8888888889,567486.3333333335,572685.8333333335,554465.0,560535.0,578768.1818181818,577495.4090909091,581278.8636363636,584627.2083333335,552417.3076923077,544848.1538461539,557023.0769230769,551844.0,547992.2692307692,555626.8846153846,545832.4642857143,547182.1428571428,596403.3333333335,592399.2,605860.0,600517.4,595466.3,597866.3333333335,584987.1875,589086.875,584829.78125,587632.8125,587824.40625,589254.6875,591221.1875,594599.65625,590275.0,589185.34375,580245.78125,586435.3125,590177.3125,592824.5625,590679.4375,589595.1875,591129.0625
10,Delaware,DE,271997.0571428572,273476.97142857144,268161.4027777777,269923.26388888893,268910.1527777777,268928.33333333326,266778.75,265529.1527777777,263987.7777777777,262386.9027777777,260275.1388888889,256089.5555555556,252211.04166666663,252212.95833333328,250698.1805555556,250289.59722222228,251314.8611111111,250193.89189189192,247542.52702702704,246527.7027027027,245255.72972972968,242121.2027027027,238935.81081081077,236435.43243243246,236830.0675675676,235227.02702702704,238386.62162162163,239902.5,241092.02702702704,241472.7162162162,241766.51351351352,244347.2972972973,242274.93243243246,241681.35135135136,242088.7027027027,240001.2027027027,244260.5263157895,246835.6447368421,249737.6052631579,249794.65789473683,255518.0263157895,252219.51315789478,251099.3157894737,253415.83333333328,254723.4871794872,253990.89743589747,251570.5769230769,253296.21794871797,251816.9871794872,252625.9871794872,254205.5769230769,259031.5769230769,259550.2375,260086.7875,259800.225,261693.625,261100.25,259767.4875,258280.4125,257316.375,256880.0375,256915.8125,259729.125,261229.0,266192.05,265712.74390243896,264259.6219512195,264620.4756097561,262143.31707317074,262993.5243902439,262198.2195121951,260970.48780487804,261473.7682926829,261348.10975609755,263937.4268292683,266298.8780487805,268605.1219512195,267196.34146341466,269025.1219512195,270880.5975609756,269520.7195121951,267926.9024390244,266660.10975609755,264872.4634146341,262464.64634146343,262896.39024390245,264648.8809523809,269443.33333333326,270363.39285714284,271798.4761904762,274427.85714285716,275111.9047619048,290487.125,289551.3068181818,289852.9318181818,288791.0,287227.4431818182,287125.2159090909,286600.2272727273,290864.4659090909,294795.61363636365,295099.38636363635,295702.76136363635,296195.0,294738.9375,292838.28125,290347.875,287313.90625,283909.28125,280355.53125
12,Florida,FL,236679.48101265825,234911.0936708861,231254.89746835447,228391.5341772152,226024.6151898734,222311.1123737374,220423.3232323232,219557.28282828286,216095.6553030303,213061.5415617129,213248.57934508816,209889.92821158693,208150.3828715365,205497.82745591932,206235.13727959697,205281.11306532664,206747.20175438593,206503.664160401,205127.40726817038,205223.4486215539,203974.97625,203287.41125,201152.16749379653,200832.0061728395,202052.87407407406,204033.34729064038,206424.09290953548,207458.67153284675,209170.64077669906,209659.34412470023,210658.02158273378,210493.04057279235,211038.01781472683,210145.49408983448,214954.72528735636,216282.6061643836,219584.7694063927,221555.09819413093,224460.5178970917,226645.52561247212,229786.76762114535,230131.8304347826,232011.248373102,232286.82264957266,236147.8111814346,238826.7055785124,240038.0682281059,241007.5756048387,243714.94411177645,245682.7084980237,246446.7726377953,246729.0077369439,246325.71098265896,245850.31285988484,249507.06261859587,249549.29089219327,251292.81759259262,252930.22314814816,255964.6792279412,256537.54288321172,257759.6475409836,258663.76860254086,259385.7495479204,259866.65,260307.36056838362,261622.3888888889,265547.9833916084,269395.32755632576,270931.851724138,273507.88250428817,277536.3858603066,283801.2732656514,283392.918196995,283501.130794702,284216.9780130293,286426.3624595469,287864.1096,287846.65506329114,289640.72734375,287791.3214285714,289412.79057187017,291137.2380585516,291132.03384615376,290883.4885145482,293840.0466360856,294715.380484115,295880.11002994014,297493.6359583953,300498.42647058825,301728.5116618076,302106.2445887446,301117.23319027177,302860.8439716312,300566.45821529743,302924.39943342784,303476.0375354108,303623.42280453263,305531.5849858357,305551.1260623229,307180.2188385269,308476.10198300285,309581.9773371105,309487.657223796,308875.65155807364,310631.0625,311361.125,312248.25,313059.59375,313823.875,314533.125
13,Georgia,GA,226015.2483443709,223795.64569536425,220887.25165562914,220691.50662251652,219714.49668874167,217354.7682119205,214911.11920529802,215731.95065789478,212018.94736842107,209583.17647058825,207840.045751634,204542.10130718953,200491.35064935067,197987.2012987013,198514.27388535035,197599.75157232702,198632.88364779876,197585.28260869568,195646.38888888888,194049.39197530862,193036.65432098767,189219.92283950612,186376.91975308643,183524.27607361964,182984.15644171782,183906.51533742328,184346.6875,184553.52046783626,186017.23976608188,186553.79532163747,186796.54651162788,187389.47383720928,186497.01734104048,199540.74858757068,199768.18926553676,201203.4413407821,202660.8956043956,206268.47010869568,206921.07837837838,210472.75537634405,210895.8821989529,213783.45153061228,212574.19,212666.6425,213010.8725490196,212696.91787439614,211751.15876777246,209587.07906976747,209281.63364055302,212400.42626728115,214051.87155963306,217235.92081447964,217235.47767857145,219888.1830357143,219834.51982378852,219174.47391304348,218484.10129310345,216310.60256410253,217767.4829787234,216314.60548523208,217286.6589958159,219769.13900414942,220303.5061983471,222352.72314049586,223541.42040816328,224618.47773279352,223819.25,226435.688,227403.98023715412,227709.09486166012,228214.5964566929,230318.328125,232054.96108949414,231517.22007722012,233206.3905660377,236173.69444444447,237359.15682656827,237999.57169117648,237413.5857664233,235782.3170289855,236744.36101083035,237804.49097472927,238598.77046263343,237120.11267605636,236951.4577464789,238774.6149825784,242320.3737024221,246928.41952054796,247872.96779661014,248969.95932203392,249922.815,250519.68481848182,250022.0934426229,251188.54918032786,252317.93278688524,253690.6262295082,254859.19016393446,257440.91639344266,260582.0704918033,263716.4081967213,264844.98360655736,265342.5672131148,263645.7868852459,262541.1540983607,262775.71875,262962.03125,263597.625,264364.28125,265275.0625,266058.25
15,Hawaii,HI,465423.07692307705,470800.0,460176.8846153846,461962.30769230775,462803.84615384607,450634.6153846154,450373.07692307705,446626.9230769231,422605.85714285716,418210.7142857143,424148.7857142858,408571.4285714286,410996.35714285716,400312.53333333327,404570.0,391710.0,397916.66666666674,393528.26666666666,387840.0,388623.33333333326,392303.3,386179.96666666673,375363.125,381080.0,384437.5,383415.625,382343.03125,381440.625,387037.5,389256.25,392407.71875,392449.625,395175.0,388224.625,502205.8529411765,499413.38235294115,478961.7647058824,477310.72222222225,473423.44444444455,484507.88888888893,478569.44444444455,489536.11111111107,519605.60526315786,584232.0476190476,584566.3095238096,570604.0476190476,584448.4285714285,591909.6428571428,580422.7272727273,585122.4318181818,581470.4545454546,561126.0869565217,558085.0869565217,562805.6666666665,546304.1458333335,552722.9166666665,561854.1666666665,561391.4166666665,539635.4166666665,549193.5,545735.1875,554232.6041666665,563615.0769230769,570813.0,568937.2692307692,567118.0370370371,573512.0357142857,593625.8965517242,596027.5862068966,597108.3620689657,599387.9655172414,614917.0689655172,620094.775862069,595298.6896551724,616275.6551724138,637195.4545454546,635635.0,643071.75,637271.4705882353,644683.8235294118,643892.2647058824,648462.3235294118,646766.7,659232.4285714285,675779.7297297297,660313.3513513514,685603.0256410256,676126.6125,674591.3375,682045.0,696127.425,701927.9625,693279.05,699600.1097560975,702239.0975609756,720575.0975609756,726693.3902439025,729893.3414634145,730857.756097561,731067.1341463416,747189.7195121952,751564.8048780487,731092.4390243902,741797.8780487805,741341.4375,732317.3125,732043.3125,729971.25,725926.5625,724960.6875
19,Iowa,IA,160129.71621621618,158272.2972972973,157436.45945945947,157200.3918918919,155690.32894736846,155454.07692307697,156871.98717948722,157397.4358974359,155476.02564102566,155400.0,153478.55,148433.53658536586,147675.9756097561,148851.58536585365,151468.75,151967.41111111108,150173.29787234042,151072.05319148937,150931.86170212767,150289.55319148937,149879.68085106384,150873.27659574465,150271.27659574465,149802.98936170212,149333.25531914894,151546.86458333337,152514.17,152921.5,153186.99,154421.9,157511.76470588235,158198.99019607846,158895.0980392157,157893.6274509804,158856.13725490196,158326.07843137256,160438.70588235295,159855.25490196078,161895.931372549,162969.60784313726,163640.68627450982,164028.35185185185,164944.38888888888,163722.6851851852,163924.53703703705,164549.49074074073,166026.75,166635.99074074073,166546.99074074073,167095.09259259258,166531.4351851852,165932.0982142857,170724.98245614037,172265.35087719298,172074.0775862069,175273.75,176530.96774193546,177806.03225806454,178810.06451612906,180966.640625,180080.9296875,184276.38461538465,183558.26119402985,185408.51470588235,184956.0294117647,185442.01449275363,185582.15217391305,184226.7214285714,186791.8309859155,185481.19444444447,185850.57638888888,184085.34027777772,185832.7708333333,187102.69594594595,188771.60810810808,192631.52564102566,190433.56172839503,190230.12195121948,191314.10843373492,192131.47590361445,192318.9578313253,192685.44642857145,191469.51190476192,191749.17261904766,191664.10588235292,193060.66477272726,190600.04395604398,191891.6436170213,193279.14736842105,192934.61979166663,193127.46938775512,192542.24747474745,192455.93564356441,190386.53431372548,189308.01470588235,190110.8333333333,190168.1323529412,192108.56862745102,191767.637254902,193432.99019607843,194136.93627450982,193488.27450980392,193734.82352941175,193708.45098039214,193984.765625,194001.296875,194068.890625,194110.5625,194148.078125,194169.453125
16,Idaho,ID,202951.8448275862,197771.3333333333,195095.31666666668,193173.78333333333,193169.11666666667,191830.2333333333,191398.5833333333,190853.0,188958.11666666667,187164.65,187401.0833333333,183498.3333333333,182271.66666666663,179354.73333333337,181246.9833333333,179905.0,180514.15,181330.25,180975.38333333333,179744.33333333337,178180.8,174985.43333333332,173661.91666666663,172455.3,170916.16666666663,171084.0,176000.33333333337,179363.6,182629.3333333333,184010.03333333333,182913.06666666668,186113.06666666668,182531.9833333333,183393.5,184111.3333333333,184450.6833333333,183790.55,188449.5,192031.71666666667,197243.31666666668,200588.06451612906,200868.28125,200238.25,199723.4848484849,195747.25,192468.69117647057,192118.6323529412,190572.85714285716,188702.5405405405,194393.32432432435,205967.94736842107,208504.2105263158,208607.1052631579,211873.18421052632,212926.2236842105,213283.15789473683,212584.6710526316,211417.4210526316,210905.48684210522,212792.01315789478,214107.94736842107,217874.9358974359,220922.1794871795,224563.55128205128,230011.5,230895.57142857145,231824.11904761905,234503.42857142855,234899.09523809524,236804.85714285716,237377.02380952387,235953.27380952387,237720.86904761905,237761.33333333328,243664.86046511628,243670.86046511628,246292.88372093023,250906.2093023256,251247.77906976745,248499.1046511628,253011.48837209304,255718.82558139536,256934.4186046512,260446.66666666663,261970.03333333327,259815.3152173913,258562.58333333328,264496.25,266847.51,268744.2254901961,272693.5,272136.04716981127,292649.63888888893,291790.15740740736,294931.48148148146,300123.58333333326,303830.50925925927,306379.93518518517,305563.48148148146,313889.1481481481,316277.91666666674,314053.68518518517,312900.33333333326,314820.24074074073,315252.84375,315711.375,315699.5,315918.46875,316011.59375,316145.40625
17,Illinois,IL,246454.6628787879,245067.48295454547,244099.49056603768,242569.30566037734,240519.85501858732,238179.12867647057,235340.79227941175,233658.2886029412,229342.96875,227980.44852941175,225919.76470588235,220689.95955882352,216600.7169117647,212536.0457875458,214092.45802919712,214117.80181818185,215612.51454545453,213955.69818181815,212010.43272727274,210541.3109090909,208675.67636363642,205374.38363636364,201577.96181818182,199056.56,197245.86545454548,198140.75454545452,199548.12274368235,201243.13261648745,201759.89426523302,202623.49642857144,200841.59608540926,199874.79895104896,199376.4527972028,198559.1637630662,199000.212543554,197141.29965156797,197666.48606271774,200871.24216027875,203933.01909722228,208904.40068493152,213044.47627118643,215395.34343434343,217529.14141414146,216886.07575757575,218255.70805369128,221113.4866220736,219805.08528428094,217024.54801324505,217159.3394039735,219834.5927152318,225361.68300653592,227089.65434083602,231592.9310897436,232608.37381703468,231235.20125786163,231005.6739811912,230533.82716049388,228908.1184615385,226091.72477064218,224179.21100917432,223043.47568389055,224864.99696969695,236559.70386904766,236782.1505847953,239016.09855072465,239129.42693409746,237688.7337110481,237259.4081920904,237407.34269662923,235621.1759776536,234261.53611111108,230886.2085635359,230607.68732782372,233855.14697802198,236780.12568306012,239776.84417344173,241717.3800539084,243625.94786096254,240740.92592592593,239138.86243386246,238454.4144736842,237822.4396325459,236245.03100775194,235257.53359173128,236074.9007731959,239429.2043147208,241242.0350877193,242941.32962962962,244652.6243842365,245270.171990172,244393.0773955774,241232.8357664233,238952.50961538465,238329.59014423078,237918.79326923078,236685.72475961535,237437.41346153853,239627.3798076923,239771.18028846156,242850.89783653853,244177.81610576922,244342.81490384613,242875.20072115387,241294.34615384613,240679.21875,239737.21875,238873.28125,237989.046875,237577.28125,238696.484375
18,Indiana,IN,147738.60476190475,146495.61904761905,146984.52380952382,145645.68396226413,146040.53738317758,145625.3831775701,144872.7336448598,144095.92056074768,143991.52336448597,143999.08411214955,143907.04205607474,141196.17757009345,140115.30373831774,140540.97663551403,140935.94392523365,140842.6851851852,141797.58333333337,141839.92201834865,141762.64220183485,141474.32568807338,140689.70183486238,139740.9128440367,139163.17889908256,137637.3027522936,137898.32110091744,137430.623853211,139485.14545454545,139487.76363636364,139367.43693693692,139979.1891891892,139684.04017857142,138987.74107142858,138919.7455357143,138547.32142857142,138466.91517857142,137598.16517857142,137574.79464285713,138400.13392857142,140151.50892857142,144360.97807017545,146733.0701754386,147451.13157894733,148391.95175438595,148050.5701754386,148362.88157894733,148331.52608695652,146880.68260869564,146989.07826086954,147183.9304347826,147264.94347826086,149788.4525862069,153824.40756302525,153985.8155737705,156359.65853658534,155699.06854838712,155241.43145161288,155178.55599999998,153455.432,153305.10714285713,151927.19444444447,154008.58267716534,154419.67716535437,157295.7519379845,159251.17307692303,159914.977443609,159959.95588235295,160048.80656934305,159436.89492753622,159981.27173913046,160030.29347826086,160028.95683453238,159152.8633093525,158510.04316546762,159001.75539568346,161228.1535714286,164017.5285714286,165887.97183098592,166984.99647887325,169349.62323943662,169495.7867132867,169335.46153846153,169101.21678321678,168768.1118881119,169048.49310344827,169302.18620689656,169654.4560810811,172083.08783783784,174432.22516556288,177147.3790849673,178235.21103896105,178713.23548387093,177729.98427672952,178130.30745341614,176066.1319018405,176423.20858895703,176187.52760736196,176410.77607361964,178368.98159509205,180611.7300613497,183323.17484662574,184819.6319018405,186048.61349693246,184778.71779141107,184057.15950920247,183101.765625,182366.828125,181604.234375,180959.125,180376.546875,179897.375
20,Kansas,KS,191686.95,191109.4,190551.95,188795.44,191191.7,190974.66,188614.43,187260.99,184769.23,182791.27,182258.57,180885.46,180779.04,178382.0,181311.42,178613.9326923077,180081.8846153846,178400.47115384613,178185.57692307697,179704.8076923077,179910.70192307697,176920.04807692303,175663.625,174989.90384615384,173377.56603773587,174143.77358490563,173977.21296296295,174743.70370370368,174587.15740740742,174335.3148148148,175065.96296296295,173760.84259259258,172185.97222222222,171782.75454545455,171599.34545454546,170321.78181818186,171233.76363636364,174647.65454545454,175229.58181818182,178536.69642857142,178580.17857142858,179874.2678571429,180386.5982142857,182274.55357142855,183061.6875,180965.7543859649,179768.2105263158,179300.7894736842,181314.4649122807,189420.78448275858,190912.3879310345,190559.84745762715,191689.38983050847,190516.80508474575,190296.06779661015,188358.36666666667,187375.78333333333,187004.2,186946.44166666668,185516.45901639343,186715.92622950822,187731.59016393442,192110.5,194366.65873015876,194310.8203125,191969.63636363635,189737.25,190122.9044117647,190584.22857142857,188783.52112676055,188693.87323943665,187783.19014084508,189606.03472222228,188768.64383561644,191948.66,194328.9210526316,191365.08974358972,192930.0064102564,192329.58227848104,191810.98765432092,195402.17073170733,194704.84146341466,194683.48780487804,195474.31097560973,197917.37195121948,198465.7073170732,197916.23809523808,201111.6264367816,202681.56321839077,200478.50555555554,199403.62222222218,199207.24444444448,205155.60638297876,204509.4270833333,204393.640625,204941.1302083333,205712.27604166663,207764.328125,207302.796875,209023.3489583333,208940.3020833333,210442.703125,208818.9895833333,206669.13541666663,205351.734375,204477.84375,203899.203125,203789.96875,204074.828125,204720.078125
21,Kentucky,KY,164869.62337662338,163763.24025974027,163320.8831168831,163564.25974025973,162981.58974358975,162127.5641025641,162021.19871794872,161214.13461538462,160086.4294871795,158363.2658227848,157829.25625,156038.9625,153301.0875,153459.48125,154473.30625,156506.28125,159587.3375,158392.78125,157435.11875,157746.21604938273,157241.67283950618,155154.24691358025,154275.08024691357,153242.93209876542,153134.51851851848,152512.4756097561,153531.24096385538,153283.89880952382,153061.22352941177,153532.60588235295,152807.34302325582,151957.33720930232,151430.23837209304,151273.31395348837,151784.88953488372,150625.26744186046,149933.82558139536,150113.9476744186,154753.42613636365,154956.23295454544,155981.01136363635,156967.5,158069.71022727276,157168.2191011236,158726.3988764045,158511.57865168538,157661.97222222222,156227.95054945056,156334.05494505493,158141.47802197802,160152.32065217392,163938.9402173913,165245.11702127662,167049.36170212767,166456.26063829788,165765.2947368421,165272.296875,164091.48453608248,163390.57653061225,162937.16,162321.05,162815.98,163577.85922330097,167022.99523809526,168901.56666666668,169343.070754717,170748.39150943398,170322.06542056074,170369.41121495323,169455.18224299065,169959.06542056074,170320.91588785045,169198.89351851848,168094.65454545454,169583.05,173422.7850877193,173632.81355932206,175537.38983050847,176224.24166666667,176644.25416666668,177098.4173553719,176899.80327868852,176563.9756097561,175802.892,175224.33333333337,177701.3937007874,179883.48828125,182143.77906976745,182776.81297709927,182478.95185185183,181932.49270072996,180874.15579710144,183163.46402877694,181271.29577464788,181348.18661971827,180908.19014084508,181277.82746478874,183240.40492957746,185313.32746478874,186850.4190140845,188469.1514084507,190042.0704225352,188429.5387323944,188490.573943662,188003.609375,187618.90625,187305.15625,187049.078125,186850.140625,186699.125
22,Louisiana,LA,180955.89705882352,181282.47101449282,181302.95652173914,181633.31884057968,181959.02142857143,182452.17605633804,182506.57746478874,181746.5704225352,180749.74647887325,179048.55633802817,178178.85915492958,175700.05633802814,173109.1690140845,172626.88732394367,175308.99305555553,175272.0,176113.26388888888,175642.41666666663,175261.34027777778,174745.84027777778,173848.22602739724,171562.52027027027,169751.82432432432,168949.0810810811,169418.79054054053,169951.04054054053,170799.25333333333,172102.26666666663,172118.78666666665,172760.50666666665,172823.36666666667,171817.7066666667,173313.2,172377.66666666663,173872.32,176490.9090909091,176628.9805194805,180455.17088607594,182051.34810126584,184378.6125,186368.83950617287,187734.93209876548,187174.64197530862,186162.59146341466,187266.0731707317,186834.69512195126,185092.43292682926,186183.06097560973,185371.75,186620.3231707317,186938.70121951218,187589.4518072289,189427.72891566265,191528.93452380953,189275.18452380953,189514.72023809524,191307.58823529413,189870.56321839077,191453.1091954023,188820.17613636365,188852.42613636365,191041.3111111111,191784.9055555556,192924.16483516485,197894.03260869568,198422.16847826086,199341.8641304348,200824.94623655913,201901.05376344087,201329.811827957,202004.67021276595,202248.359375,203084.65,206302.0097087379,208083.2333333333,213947.58411214952,214906.23873873876,216878.6403508772,214252.6681034483,212200.13247863247,212585.31355932204,211895.8223140496,212496.5163934426,213029.75,211632.11904761905,207952.2713178295,209430.1679389313,212548.6628787879,213721.11397058825,215241.5607142857,214866.30851063828,214469.04577464788,215609.89383561644,214625.35333333333,213882.68666666668,213528.0833333333,211874.30666666667,211956.27666666667,213081.58666666667,214507.7066666667,216086.53333333333,216085.2633333333,216130.27666666667,216031.4833333333,216408.125,216549.265625,216670.296875,216813.0,216866.515625,216915.515625
25,Massachusetts,MA,359035.41059602646,358504.49006622523,355223.88410596026,354241.69867549674,354842.84437086096,353419.3278145695,350692.40728476824,350525.83774834435,348940.93377483444,344749.3112582781,342030.68874172185,336036.8145695364,332771.01655629143,332748.3410596026,336304.2947019868,337052.9536423841,341777.58278145693,340876.7086092715,338990.1357615894,336834.9304635761,335897.55629139073,332306.59271523176,324830.45695364237,321682.29801324505,322918.4635761589,323588.48013245035,327521.0860927152,332613.3509933775,339196.61842105264,341563.7777777777,341737.9215686275,339628.3071895425,344367.13071895426,344305.6993464052,345323.5816993464,342310.2549019608,343518.89869281044,357776.6290322581,364129.00314465404,367551.3875,373732.8456790124,378831.6768292683,380897.10303030297,379015.62650602404,379797.1785714286,378907.5892857143,382953.7172619047,383365.83333333326,385764.8529411765,391203.4215116279,391562.41242937854,394034.3531073447,395123.63202247187,397257.66759776534,397762.8379888268,398680.9776536313,399920.83519553073,398778.81284916203,402537.07262569846,405120.6089385475,408888.13055555563,410806.9696132597,414039.87704918033,415841.0,423156.4157894737,422039.63212435227,422841.8238341969,423709.4352331606,423364.7694300518,428779.337628866,429789.4355670103,430620.98969072173,433147.83589743596,436573.05867346935,443434.7425,446596.6492537313,449661.68159203976,450583.7313432836,452882.0199004975,461397.5247524753,458489.9285714286,462159.1691176471,470289.2342995169,471720.0693779904,475431.7775119617,476808.0521327014,476659.76696832577,481907.7929515418,478194.6191489362,478040.306722689,481101.2949790795,485057.5167364017,489915.2582644628,488175.1255144033,489565.84156378603,493094.683127572,491985.08641975315,492784.6893004115,493671.3600823045,498931.5329218107,498969.1358024692,501731.8786008231,507087.5967078189,505443.3312757202,506470.90625,506806.03125,507231.78125,507432.96875,507648.6875,507792.71875
24,Maryland,MD,306465.4212598425,306032.6062992126,304639.094488189,304866.56692913384,303519.26171875,301906.76171875,297321.61328125,294642.875,291352.234375,289253.2421875,288645.76171875,282655.08203125,280711.46484375,276856.5546875,279805.3515625,279292.17441860464,282402.97286821704,282766.08139534877,282614.66666666674,283032.35271317826,281099.37209302327,277569.4534883721,279519.2153846154,279577.6692307692,278998.74809160305,295181.89552238805,304427.64444444445,305011.9333333333,307703.5962962963,310295.8419117647,309600.1582733813,310919.6402877698,309614.28214285715,312040.60638297873,312058.45035461,306890.41489361704,312194.8978873239,315735.8028169014,320033.9049295775,324330.4,324313.044520548,323781.9623287671,322356.4047619048,322379.94217687077,322068.52040816325,322312.3741496599,320210.8523489933,321902.90268456377,321959.0533333333,323753.01315789466,331047.5286624204,332365.3829113925,335497.87341772154,335908.1107594937,333374.3396226415,331929.07716049376,332744.012345679,328869.36503067485,325052.5731707317,322379.76060606056,322369.42424242425,324506.23493975896,330830.0389221557,330998.3263473054,332143.7426035503,332446.1656804734,326706.89705882355,329915.37647058826,331259.15,327819.02046783624,327795.7238372093,326661.3583815029,327460.73121387284,326769.8920454545,332626.16666666674,342236.5494505495,343528.4945054945,344588.04918032786,343781.8532608696,343717.19836956525,343346.8043478261,343990.42513368983,343536.8085106383,343245.8068783069,341985.64473684214,347306.70680628275,353720.3341836735,359191.6192893401,359093.62878787884,358292.315,359297.835,356894.4525,358220.51980198023,357189.1502463054,356258.6527093596,355266.5443349753,357284.94088669954,358732.96798029565,362193.65517241386,366426.8497536946,368832.54926108377,370901.33743842365,369235.08128078823,368244.8472906404,366401.59375,364652.90625,363543.71875,362906.75,362541.1875,362335.53125
23,Maine,ME,219954.27272727274,218471.93939393942,217898.01515151517,217607.2205882353,221116.17647058825,220595.58823529413,219657.55882352943,218001.11764705885,216683.14705882352,214983.20588235292,213333.08823529413,211013.23529411765,209977.94117647057,210023.54411764702,212919.2142857143,214407.07142857145,214629.2,213004.2857142857,212038.57142857145,209140.3,207312.0,206549.98571428566,206776.58571428576,204675.07142857145,204353.51428571425,204166.1428571429,206164.9714285714,206206.2857142857,205219.41428571424,206000.0,206353.7857142857,206712.0,206908.6857142857,201421.2857142857,201431.25714285715,199713.85714285716,197299.89189189192,201161.53846153847,199578.14102564106,201634.60256410253,203406.34615384613,206431.65384615387,206144.4871794872,205470.52564102566,203750.97435897434,202915.42307692303,202135.8205128205,201383.87179487175,200587.16666666663,201906.88461538465,199915.925,209451.62195121948,215767.85714285716,217487.79761904766,214924.02380952387,214327.35714285716,214974.88095238095,217676.62790697676,218906.86046511628,215726.5,217324.67441860464,220304.65116279072,218361.36363636365,222161.36363636365,223660.47727272726,225655.11363636365,238989.13043478265,238787.69565217392,235776.60869565216,235756.5108695652,234716.30434782608,235260.86956521735,235702.15217391305,236840.4891304348,242539.3617021277,247409.32291666663,245287.5,250075.79166666663,251488.63541666663,251836.45918367343,253721.20408163266,251861.73469387754,249489.54081632648,247677.60204081636,248551.193877551,252347.7959183673,256294.99,258353.53,262304.7450980392,268007.0576923077,268290.320754717,265649.0566037736,265503.65740740736,265085.13888888893,264512.38888888893,268737.86111111107,264648.36111111107,265083.72222222225,266831.96296296304,272404.2962962963,275340.90740740736,274903.69444444444,275004.75925925927,273543.3981481481,270940.21875,270629.46875,271380.21875,272683.84375,273474.3125,273295.46875
26,Michigan,MI,156929.24242424243,156447.0946969697,155169.75187969927,153471.48897058822,153073.63503649636,152546.32481751824,151101.1726618705,150550.89208633095,149177.72661870506,147637.1366906475,147953.7857142857,144216.24642857144,142387.17253521126,141300.60563380286,141195.38028169013,141318.85915492958,143436.86713286713,144786.70833333337,144971.37931034484,144736.51379310346,145084.12413793107,143626.16896551725,141663.75,139518.05479452055,138814.90753424654,139035.15068493152,140135.15068493152,141061.84539473685,142407.92307692303,144668.34394904462,145625.71518987342,146198.15189873418,146251.70886075948,145379.75786163518,145189.48113207548,143859.053125,145562.3260869565,147862.06097560975,152775.66176470587,156223.00294117647,159287.316091954,162659.5308988764,166500.27595628414,165797.55080213904,166374.6994680851,164428.64210526313,163654.33160621766,161372.04846938775,160900.08040201006,161738.06341463415,165011.82057416267,171998.41666666663,174300.76576576574,175425.95535714287,174687.58114035087,174286.24342105267,174003.00869565216,173202.3900862069,173584.62231759654,172558.9034334764,172284.5235042735,176286.25316455695,178645.26141078837,179077.9224489796,181419.0551020408,181534.20318725103,180712.25992063488,178111.1531007752,177825.59652509657,177338.22200772198,177455.9,176923.00766283524,176209.31320754718,177257.0358490566,180946.73684210522,185542.11710037172,189853.4890909091,191504.1870503597,192382.4219858156,192939.648409894,193570.32155477031,192821.87632508835,192300.54929577466,191973.30594405593,192094.16608996538,195663.37118644067,198072.28973509933,201314.66293929712,202826.85139318887,204323.85213414638,204565.08433734943,202712.04761904766,202297.8407079646,201776.1927536232,200519.9188405797,200707.5652173913,201544.0492753623,203451.0927536232,204990.85217391304,208421.75217391306,210915.48260869566,211832.68985507247,210995.08260869567,209391.9884057971,207761.78125,206336.859375,205115.828125,204007.21875,202937.71875,201866.421875
27,Minnesota,MN,206641.93827160491,203272.4814814815,201373.9135802469,200886.15432098767,202571.04320987652,201470.63580246913,197585.53086419753,196553.03086419753,193670.85185185182,191026.0864197531,187981.66666666663,182966.16666666663,177871.0061728395,176669.06172839503,177256.83950617287,177878.71951219512,181439.41463414638,181691.40243902442,180260.4096385542,180534.9518072289,180041.05421686746,177119.4518072289,175362.2048192771,172594.86144578314,171175.5843373494,173092.8253012048,176605.0903614458,177493.8392857143,181894.4523809524,184360.22093023255,186722.79885057468,186959.64942528735,187075.7643678161,187632.99425287358,190284.92528735628,189146.48888888885,188084.3152173913,192031.85869565216,200060.8842105263,206462.9270833333,212429.57575757575,213944.7,214876.75247524754,216539.74257425746,217757.71844660194,216517.4619047619,215453.4047619048,214137.79047619048,212022.88095238095,216510.93925233645,221727.15596330282,225763.14159292035,233026.83050847452,234875.55462184874,235918.325,240715.69834710745,242990.8893442623,240806.4631147541,240076.80327868852,239766.08196721307,241540.5894308943,243485.81600000002,246805.57480314962,247364.07575757572,253840.30882352943,253964.8357664233,254805.92335766426,254321.40145985398,255996.43840579712,254900.09285714285,254582.74642857144,255006.25,257120.13732394372,258573.53846153853,259345.9931972789,262321.6979865772,260926.41233766233,261467.47096774195,262858.8935483871,261807.8685897436,262626.85576923075,267815.6918238994,267063.61320754717,269363.190625,269075.49689440994,277376.09146341466,279086.1957831325,280240.3176470588,281942.27167630056,283269.1149425287,282559.6752873563,280450.29142857145,281619.5657142857,281979.67714285717,284124.97428571427,287623.8057142857,290512.6485714285,295275.12,295327.78285714285,297130.1457142857,297078.27428571426,295932.4514285714,296320.3114285714,293717.63714285713,294031.125,294212.09375,294278.28125,294353.3125,294425.59375,294490.96875
29,Missouri,MO,170051.61983471076,168855.37398373985,167555.764,166504.168,166225.216,165588.85199999998,164619.55599999998,163895.772,162714.18,161102.94,160008.384,157057.792,154498.464,153440.4,154291.596,155387.5472440945,157551.51181102367,158776.01181102367,157997.16141732284,157498.12992125985,156003.38976377953,155575.39763779528,154717.91732283466,152130.51181102367,152552.41796875,151686.87121212124,151020.94402985074,152317.0259259259,152078.5294117647,151149.5291970803,150248.37591240875,150089.59489051095,149441.29197080288,148381.22463768115,149944.51811594202,149433.9,149432.91785714286,150384.0633802817,152394.61458333337,155352.81506849313,157702.22972972973,157052.70333333337,156023.47350993374,156320.16887417214,156807.19867549668,160583.022875817,160204.068627451,159863.8044871795,160161.88782051278,162035.2388535032,163853.77044025154,166386.9,169632.41358024688,171170.18787878787,169355.91916167663,167718.62874251493,168630.06586826348,167185.30177514793,167982.32840236687,167648.2278106509,166930.7573964497,169582.84411764707,171951.25142857144,174858.59217877095,176155.79005524862,176269.34782608695,175513.74193548388,175745.25265957447,176516.1693121693,175889.65873015873,175975.8015873016,175854.70418848167,176865.77604166663,177616.19010416663,179001.71649484534,181702.40206185565,182514.89646464647,182243.95454545453,182022.25,182475.9296482412,181931.0075,181649.1125,182511.9725,182995.72636815923,182644.49264705885,183691.2292682927,185280.3048780488,188954.0889423077,191123.31818181818,191843.90238095238,191304.92093023253,190470.7685185185,190002.13594470048,189184.46100917432,189381.16513761468,188956.9495412844,189864.50688073394,190548.04587155965,193170.31651376147,195409.1467889908,196312.8876146789,197507.4380733945,196823.96559633024,196346.6376146789,196703.421875,196267.53125,195638.25,195505.890625,194969.328125,194357.140625
28,Mississippi,MS,162598.41666666663,161980.95238095234,159740.58139534885,159353.3720930233,160063.91860465115,158620.33720930232,158645.61627906974,157504.94186046513,158307.20930232562,157210.88372093026,157676.16279069768,155197.09302325582,154186.04651162788,153002.82558139536,154829.96511627908,156525.51136363635,157631.81818181818,158336.10227272724,158933.54545454544,158084.51136363635,157847.11363636365,155645.0909090909,153549.13636363635,153651.85227272724,151268.82954545456,150806.81818181818,151836.36363636365,150481.52272727276,150579.5340909091,151828.2840909091,150448.2840909091,150305.11363636365,149819.47727272724,149827.27272727276,149284.47727272724,148029.95454545456,150136.64444444445,149908.58888888892,151720.4255319149,156110.65625,156458.82291666663,156124.59375,156446.86458333337,156786.69791666663,157731.22916666663,156089.0,155127.56,154924.18627450982,154464.6960784314,155757.31372549018,157027.85576923078,158627.09615384616,159472.65384615384,160143.74528301886,160241.30188679244,161338.2641509434,160238.20754716982,160833.320754717,160835.78301886792,160324.04716981133,161472.28703703705,160786.07407407407,161612.90740740742,163230.08333333337,164048.12037037036,165504.76851851848,166913.12727272726,166334.35964912278,167045.13157894733,165305.9649122807,164432.66666666663,164337.37719298244,162501.12280701756,162184.27192982455,163289.08771929823,162789.09322033898,165721.86666666667,166258.7131147541,169122.73015873015,167699.5671641791,166610.1838235294,169050.74637681158,169347.91304347827,167746.47101449277,170704.0,172493.26027397258,173408.5890410959,175302.82,175121.15333333332,176417.33333333337,176127.10389610392,174922.5909090909,175990.4746835443,175825.7658227848,175904.11392405065,177578.22151898735,176967.9493670886,176692.98101265825,177363.15189873418,178649.70253164554,180286.38607594933,178889.49367088606,179984.3924050633,180889.9493670886,178453.15625,178918.78125,177289.984375,176078.75,176466.5,175884.21875
30,Montana,MT,256400.0,254031.25,251900.0,243512.29411764702,245308.82352941175,246764.7058823529,248182.35294117648,248673.5294117647,250344.11764705885,247594.11764705885,245361.73529411765,243711.73529411765,241766.66666666663,238688.8888888889,241638.8888888889,243050.0,246380.5555555556,248841.66666666663,245146.3888888889,244294.44444444447,244261.52777777772,241941.66666666663,237623.8888888889,232108.33333333328,228388.8888888889,228844.44444444447,227085.0,228508.6842105263,228496.3157894737,230335.4736842105,231035.94736842107,230994.4736842105,228379.73684210522,227729.26315789478,225581.57894736843,226052.63157894733,227246.3157894737,238778.25,237719.0,243299.6,248559.52380952387,247792.61904761905,248725.23809523808,249988.09523809524,257000.0,258759.52380952387,259015.85714285716,252116.66666666663,255835.23809523808,258331.20833333328,260992.3076923077,261440.28846153853,264008.4615384616,269834.40740740736,272260.72222222225,268642.59259259264,270612.94444444444,271662.22222222225,274155.55555555556,270497.11111111107,274360.9259259259,270953.5714285714,271253.21666666673,271435.83333333326,281896.96969696967,281118.1818181818,280743.53030303033,282100.0,285495.4545454545,287564.3939393939,289004.5454545455,291498.46969696967,285268.9393939394,282896.4285714286,280547.08333333326,283049.69444444444,287405.2777777777,287244.44444444444,288966.18918918923,285397.36842105264,287232.8289473684,288947.5,287437.375,290081.25,292288.125,289964.3292682927,291696.21428571426,294335.847826087,294458.26041666674,294682.0,298724.29,294159.2843137255,303470.43396226416,305041.19444444444,312107.85185185185,312076.84259259264,311516.66666666674,313391.61111111107,314087.01851851854,319275.96296296304,321984.25925925927,323795.58333333326,321106.11111111107,322795.09259259264,325270.90625,326955.625,327420.09375,328908.71875,330717.40625,332193.1875
37,North Carolina,NC,233005.38938053095,230415.51321585907,228525.00440528637,227540.31739130442,227336.4434782609,225647.92424242425,223874.39393939395,222233.1428571429,221288.3593073593,220411.26077586206,219804.92241379307,216215.78663793104,214272.02575107297,212955.517167382,212649.1978723404,212440.25319148935,213607.2319148936,213087.66949152548,211366.76906779665,210423.5487288136,209546.37711864407,209009.43220338985,207355.35381355928,205170.81779661015,205373.4240506329,204653.62658227852,205555.4037656904,204505.8020833333,204457.97291666668,203979.75416666668,203196.48340248966,202451.1244813278,202281.15637860086,202514.77868852462,203532.02049180327,204319.9387755102,206275.03877551018,209192.33469387755,211149.16938775513,213267.2591093117,215663.25101214575,217258.44129554657,217343.80161943322,217921.1108870968,217479.3172690763,217175.8514056225,216666.14800000002,216686.62,218263.5176470588,219288.33716475093,220057.6551724138,222419.0496183206,224643.59811320752,224632.4736842105,224341.10674157305,225912.85873605948,226688.0167286245,225987.0892193309,225869.90148698888,227560.3981481481,227301.7205882353,230028.0963636364,229376.40252707578,233360.67678571428,236030.18035714285,238851.1113074205,238759.66842105266,240250.859375,240973.0242214533,242358.98448275862,244082.0410958904,243718.52226027398,244830.8288135593,244376.3775167785,248460.80263157893,251288.0501618123,253600.78617363345,254862.08146964855,255572.6751592357,255724.1050955414,256438.15127388536,257213.5031746032,256905.0141955836,255468.45625,256190.78348909656,256228.0846153846,259144.0120845921,261904.43243243246,263494.82100591715,264448.13929618767,264508.31449275365,263152.9221902017,263693.3376068376,264224.9588068182,265327.4943181818,267536.5,268503.1732954545,268416.3764204545,269268.79261363635,271528.2684659091,272056.31676136365,271820.3565340909,270899.41051136365,270043.7088068182,270083.6875,269956.4375,270130.75,270352.8125,270578.9375,270814.375
38,North Dakota,ND,177030.0,176120.0,179320.0,176420.0,180660.0,182500.0,179620.0,181210.0,175924.2,174110.0,170220.0,166478.0,167214.0,171220.0,171880.0,174680.0,177649.9,176460.0,173440.0,172149.8,174560.0,172460.0,172941.2,171750.0,173680.0,172320.0,171580.0,175550.0,179520.0,181501.2,182060.0,183310.0,180964.9,185350.0,184291.66666666663,183833.3333333333,183139.8333333333,185172.66666666663,182716.66666666663,202194.0,204312.7857142857,213642.85714285716,217482.1428571429,223686.85714285716,220634.92857142855,214851.1428571429,215910.7142857143,215107.85714285716,217155.1428571429,222448.0,224492.85714285716,224453.57142857145,231285.7142857143,247543.33333333328,245345.0,248286.85,251154.9,246636.2,246193.3,251919.0,244774.5,245440.25,244695.45833333328,253915.88461538465,261744.5357142857,264546.4285714286,258885.35714285716,256467.85714285716,260327.5,257189.4642857143,247143.33333333328,247629.66666666663,249388.33333333328,249553.4,249549.66666666663,247564.33333333328,248869.9333333333,246659.96666666673,246319.96666666673,246403.33333333328,243573.3,242354.9333333333,239639.5,237990.7,235882.83333333328,238850.5,242902.33333333328,245176.4705882353,242993.6111111111,239792.44444444447,237793.1388888889,235727.22222222228,232952.77777777772,229651.3611111111,230150.0,228808.0,232320.22222222228,230944.16666666663,232658.33333333328,238850.0,239024.44444444447,239683.33333333328,237441.66666666663,234772.22222222228,234653.4375,234243.140625,234704.6875,235175.0625,235952.515625,236764.03125
31,Nebraska,NE,160519.11764705885,160344.11764705885,158503.61111111112,159397.22222222222,161319.11111111112,161994.41666666663,160715.94444444447,160433.33333333337,158929.16666666663,156212.5,157300.11111111112,155519.44444444447,154812.91666666663,155215.05555555553,155544.83333333337,154573.61111111112,155348.19444444447,156698.33333333337,158455.5,159091.30555555553,158948.72222222222,156483.33333333337,155187.63888888888,155520.0,156416.27777777778,156974.94444444447,156432.42105263154,160261.84210526315,159536.18421052632,159547.34210526315,159570.13157894733,153547.5,153849.125,155131.075,156692.85,157291.275,157847.35,160321.19047619047,161754.35714285713,166320.18181818182,167336.69565217392,167520.63043478262,166704.35416666663,166680.52083333337,167713.70833333337,168863.27083333337,169352.70833333337,171899.70833333337,172723.95833333337,172872.45833333337,178148.76,181826.12,184110.15384615387,186369.72222222228,192249.5,193371.2931034483,193311.82758620693,192650.56896551728,193283.93103448272,194915.27586206896,195271.75862068965,198225.6206896552,198025.7,202696.45,201098.4516129032,200082.375,197691.46875,197633.9375,197368.578125,196663.125,196131.5,200110.515625,197082.67647058825,196303.44117647057,200798.54411764702,204895.14705882352,206242.55882352943,205507.08823529413,206103.54411764702,205394.74285714285,205946.27142857143,206859.97222222228,207565.52777777772,208598.11111111112,211526.25,218854.47297297296,212260.81578947368,217763.84210526317,219130.35,215756.512195122,217019.24390243908,213396.9047619048,208491.5,205306.04444444444,205123.4333333333,207527.25555555554,207167.38888888888,211922.25555555554,212290.3333333333,213952.66666666663,215090.95555555559,213913.88888888888,213924.02222222227,212910.36666666667,214298.453125,214941.890625,215469.5625,215809.453125,215983.453125,216063.265625
33,New Hampshire,NH,254504.87804878052,249657.5,247415.77380952387,247331.35714285716,247462.4642857143,248329.04651162788,247276.74418604648,246393.02325581395,242586.0348837209,243541.4772727273,241186.9090909091,235965.88636363635,233112.4659090909,231494.86363636365,232723.27272727274,235552.22222222228,237574.95555555559,235375.57777777774,235522.96739130432,232428.80434782608,231822.7934782609,229823.35869565216,225705.14130434784,224265.9782608696,223152.16304347827,221817.21739130432,224836.89130434784,226260.60869565216,228046.875,229881.6875,229703.91666666663,229265.61458333328,227489.84375,228193.75,227111.68367346935,227246.40816326533,228598.4387755102,230048.7244897959,238558.6923076923,244095.75961538465,247559.63207547172,246228.4716981132,246063.20754716985,244220.9528301887,246008.29245283015,246905.8240740741,243598.1388888889,244754.42592592593,243328.9351851852,238937.24074074073,244607.5892857143,245569.13157894733,251075.7894736842,252585.77586206896,253764.71551724142,253171.99137931035,252860.81034482762,253089.43103448272,256434.98305084746,252852.06779661015,255022.5,255430.3278688525,256000.640625,261412.1484375,271199.23484848486,271503.01515151514,271388.8712121212,272089.6893939394,273508.01515151514,270276.5075757576,270352.2727272727,270102.9318181818,269201.2424242425,271023.78030303033,275693.9318181818,277622.5671641791,280309.3134328358,281832.7910447761,284855.9104477612,283386.96268656716,284615.2910447761,284886.17164179106,285202.1268656717,289190.64925373136,291461.3676470588,299083.78873239434,300274.4527027027,302300.4512195122,301872.186746988,303709.6144578313,305639.1144578313,303815.0421686747,301248.0361445783,302332.5240963855,300749.9939759036,300441.5602409639,304517.3192771084,306268.0602409639,308536.4277108434,311974.89156626514,311735.3614457831,311786.3072289157,311171.6686746988,309469.2530120482,310405.03125,310503.3125,310447.59375,310413.90625,310435.40625,310438.0
34,New Jersey,NJ,372009.44604316546,368960.770609319,366053.2214285713,364763.8482142858,364261.72953736654,363695.9039145908,361368.54982206406,359989.6690391459,356514.12099644134,353663.5604982206,353015.9519572953,349456.3736654804,347534.6263345196,344980.5889679715,345869.3131672598,342640.0372340425,341523.5691489362,337841.45212765964,334815.88120567374,332209.56183745584,329001.33568904595,324003.9363957597,320976.9222614841,320975.1749116608,319569.55300353357,320320.66431095405,321804.5862676057,322534.9102112676,323633.5210526316,321805.4228070175,321444.5561403509,320623.4105263158,322313.9964912281,320363.7245614035,319463.0929824561,318250.4527972028,318693.82986111107,320553.98784722225,324669.5154109589,332699.9457627119,336604.5254237288,341299.79054054053,341319.63006756763,339424.4090909091,339982.2878787879,339545.86026936024,335401.144295302,334967.29235880397,335396.4900990099,344779.7265372168,349568.5,373418.5202492212,373646.0729813665,376925.806501548,373477.2770897833,371984.8236196319,372784.8929663608,371847.7782874618,377869.2012195122,375720.7865853658,373472.0699088145,375930.00151057396,381980.27844311384,384404.8982035928,384599.71130952385,386808.8482142858,387079.09792284865,385821.5840707965,387793.1073529412,388113.05147058825,389051.6935483871,386924.68421052635,387724.3753623188,390616.77220630366,392143.9318181818,395591.17086834734,398448.17039106146,398365.8975069252,398778.39889196673,397065.36842105264,392480.33425414364,392417.0165289256,391779.2129120879,389719.6,389984.5506849315,393036.8712328767,398650.18021680217,402379.9287634409,407733.8430851064,410013.97222222225,411072.6688654353,409410.536939314,410039.5395778364,409049.1036745407,410208.5669291337,410841.76640419953,407464.5288713911,410078.7388451443,412313.0288713911,415744.59711286094,417080.9041994751,418041.24803149607,417242.87926509185,415906.6312335958,416326.875,416431.5625,416311.53125,415969.65625,415950.15625,415916.84375
35,New Mexico,NM,277682.9888888889,278148.0888888889,271539.1304347826,270703.25,268696.1956521739,267742.9347826087,268601.4130434783,265679.347826087,261801.19565217392,258104.09782608692,256130.67391304352,253107.21739130432,250015.08695652173,246906.92391304352,246900.5108695652,244321.68085106387,242991.57291666663,243272.1875,242831.94791666663,239807.29166666663,240926.41666666663,238596.79166666663,233713.75,232218.26041666663,232135.58333333328,230236.61458333328,229305.9607843137,233704.9423076923,232681.33018867925,232648.49074074073,231024.6203703704,228939.06363636363,226886.21818181817,226711.14545454548,227630.0909090909,227440.3545454545,228993.0363636364,230853.95454545453,233266.4363636364,234586.86363636365,236936.58181818185,234348.15789473683,232725.44736842107,230627.24137931035,231976.14406779665,229807.24576271183,230200.59322033895,230623.25423728809,231257.34745762715,228442.9915254237,231018.98305084746,233894.8220338983,234408.85593220335,233001.76229508198,232491.27049180327,232006.4754098361,231450.07258064515,229234.09677419355,229921.56451612906,231501.9047619048,231403.1904761905,232920.15873015876,234401.4523809524,234493.15873015876,235997.87301587305,236613.73015873012,237313.9126984127,237919.9841269841,235489.5,232791.3828125,231683.07575757572,230589.6590909091,230627.27272727274,231427.95454545453,236135.9015151515,236454.0,238160.0671641791,238734.09420289856,238892.5652173913,239036.42028985513,239531.57971014487,240353.47101449282,236840.0,237127.21739130432,236798.9927536232,236461.30434782608,241312.8098591549,242822.43661971827,245794.6971830986,247539.50704225356,248997.3098591549,249144.9718309859,247574.33802816898,247369.4507042253,246197.7323943662,245727.83802816898,246197.1901408451,248776.98591549296,249481.88028169013,249132.21126760566,251406.97887323945,252202.1690140845,254593.46478873238,252020.70422535212,251651.96875,251348.1875,250948.5625,250406.484375,249886.359375,249325.125
32,Nevada,NV,221531.47916666663,221680.35714285716,220029.4897959184,215299.91836734692,213286.0612244898,209678.18367346935,207658.87755102038,205288.23469387754,204939.306122449,202345.60204081636,200136.6428571429,196214.83673469388,192751.51020408163,189473.88775510204,189973.89795918367,187318.1530612245,186368.57142857145,185413.37755102038,184876.05102040817,184595.90816326533,184289.3469387755,182321.77551020405,180950.77551020405,179263.23469387754,180225.6326530612,181925.29591836734,184666.29591836734,186716.41836734692,189845.3469387755,194101.39795918367,193811.99,195537.93,196116.1,199258.99,199022.4,203756.16,208947.33,207946.42,217374.49019607843,220870.4519230769,226214.97115384613,230608.49038461535,232498.0188679245,237422.2830188679,241579.17592592593,237397.48214285716,239208.0175438597,232262.59677419355,223791.18939393942,222903.73529411765,226085.5507246377,231801.04929577466,236698.8591549296,239785.94444444447,241086.75342465754,242056.76666666663,242244.74675324679,243006.7012987013,243849.19871794872,246372.97435897434,247676.79487179487,249703.13461538465,251411.5128205128,256651.7594936709,262714.5949367089,263072.975,264473.11875,265544.90625,266410.99375,268477.35,269676.64375,271493.21875,271813.7098765432,272457.01851851854,273690.06172839506,276450.18518518517,278679.95679012354,281543.82098765427,283768.19135802466,284549.487654321,287522.81481481483,287646.8703703704,289749.0740740741,292992.7530864198,294551.0,296424.47530864197,300008.5963855422,304405.5357142857,303696.33720930235,310848.9942528736,313862.3850574713,315559.0517241379,319742.8218390805,322109.9252873563,325162.1436781609,327351.6264367816,330872.9885057471,334213.1379310345,336365.2816091954,339887.3275862069,338656.5287356322,339066.5057471264,340730.6781609195,341887.9425287356,341505.03125,341000.65625,340265.96875,339554.90625,338905.40625,338392.375
36,New York,NY,348140.89554794517,346546.49489795923,345685.0658783784,343687.1334459459,344650.1047297297,341762.57859531767,342634.355,342641.71833333327,339443.09333333327,338317.25333333336,337520.1466666667,334783.4183333333,332802.8233333333,331380.6378737541,336732.8267326733,335977.0836065574,349009.6019417476,345503.66077170416,344439.1414790997,341364.124600639,339572.7898089172,336051.31528662425,335048.28025477706,334459.35191082803,341887.07120253163,341190.332807571,343969.4507692308,358863.14373088686,358211.31402439025,355918.0135951661,354956.09365558904,354186.6993957704,353466.2620481928,352776.9924698795,351973.8153153153,354381.5808383233,353268.747761194,355633.3910447761,358983.1557863501,360178.47337278107,366032.8921282799,363904.61953352776,364856.4956395349,369805.1994219653,371163.48554913286,371298.56791907526,375171.25433526014,384054.7106017192,384932.67521367525,389029.4131652661,388274.0969529086,391862.4577656676,392950.3611859838,393558.4289544236,402276.8430851064,401341.3902116402,406615.71108179423,412413.64173228346,414797.99347258493,416594.90992167103,417472.7857142858,418052.2236503856,432298.6246819337,432943.59625,436799.1428571429,444832.9867149759,444867.3129496402,446914.5983213429,451629.7892857143,452523.3035714286,453925.0558194774,457655.1510538642,461029.7937062937,464644.3169336384,474052.2002262443,480959.5989010989,486383.9548387097,485708.70085470093,489038.8957446808,492925.7733050847,498144.92243186577,497067.78616352205,497176.54375,497929.2283057851,498011.64917695476,500820.873747495,503648.19389763783,506267.3542471042,506179.17107750475,503617.1219739292,503952.5507380074,503109.57586837286,498026.7604355717,508023.7127468582,509801.5332136445,510852.8438061042,509009.8958707361,506466.95511669654,503593.4838420108,507974.4658886894,512152.2046678636,515163.9820466786,513945.53590664273,512591.9434470377,516258.25,517100.40625,517820.90625,518647.28125,519398.6875,519929.96875
39,Ohio,OH,149061.1783919598,149577.4278606965,150505.04679802957,150813.16911764705,150706.79901960786,150028.20833333337,148531.18627450982,148353.2818627451,146823.93872549018,145227.98774509804,143802.53921568627,140431.88480392154,137999.54166666663,137072.74264705885,140547.5703883495,141197.54567307697,144331.22748815164,144405.62559241705,143698.98104265402,143644.96682464454,142769.69194312795,141683.07582938392,141172.19194312795,139623.0353773585,138684.36320754714,138155.76291079813,138892.08450704225,139982.9366197183,140777.5163551402,141720.06308411216,141425.59345794393,141797.96962616825,140367.69626168226,140102.84345794393,139980.42325581395,138459.47906976743,138654.5648148148,140012.2142857143,141673.20871559632,143857.07954545456,145908.02954545454,147821.23863636365,147815.7409090909,148035.22747747749,149119.38963963964,148960.94594594595,147816.7111111111,146942.37004405286,146407.57268722466,146893.32236842107,148948.84848484848,151927.22317596566,154086.58154506434,156047.33829787234,155948.7085106383,156499.36919831226,155487.85654008438,154271.74791666667,155476.0720164609,154159.50612244898,155175.51224489795,156785.1052631579,158264.82470119526,159669.14566929135,162751.04069767438,163434.7528957529,163584.55984555985,163170.57115384616,164503.893129771,163941.49236641222,164401.89353612167,162988.2205323194,165399.18867924527,165213.69288389513,166310.85661764705,169330.80363636365,170736.85507246378,171208.59498207885,170969.42402826855,170591.77464788733,170073.22280701753,170113.6157894737,168620.62891986064,168088.96875,167803.78082191778,170407.105,173608.63815789475,176873.24677419357,177568.49053627762,178206.94720496895,177169.77914110426,177206.5838414634,176058.17771084336,176896.51791044773,176491.93880597016,176060.0880597015,176652.68656716414,178076.73880597015,179695.14925373133,181530.17164179106,183207.1641791045,185445.00597014927,185905.32537313428,185329.7895522388,185366.296875,185234.390625,185147.5625,185091.375,185040.890625,185007.5625
40,Oklahoma,OK,149051.88028169013,148726.68309859154,149444.8028169014,148929.25352112675,150550.88888888888,150548.64583333337,149372.42361111112,149583.90277777778,149015.801369863,150638.47297297296,150631.8108108108,148887.72972972973,147393.48648648648,146038.42567567568,147506.42567567568,148529.90666666668,149982.62666666668,149139.55333333337,148139.84666666668,146668.2933333333,146770.11333333337,146168.12666666668,146019.72666666665,145793.38666666663,145802.9,145902.0,148248.52,147356.24,148593.39333333337,149296.68666666668,148269.17333333337,147498.11333333337,148157.39333333337,148625.76315789475,147922.75324675324,147546.18181818182,147577.3116883117,148813.44155844155,149143.6012658228,150737.63924050634,151349.93037974686,151986.19620253163,151414.06790123458,152060.06790123458,153247.22222222222,153414.54938271607,154131.23456790124,152902.24390243902,153974.69512195126,154171.36746987948,154083.46470588233,156062.11176470589,158275.15697674418,159368.36781609195,159270.24137931035,159128.8103448276,158181.25862068965,158049.0632183908,158071.41379310345,157366.73863636365,159849.92777777778,160654.20652173914,161256.61413043475,162125.8924731183,163208.96842105262,163820.40625,162833.0612244898,162391.42346938775,162156.297979798,161627.17676767678,161385.08080808082,161115.82,160950.3316831683,162026.27722772278,162688.60194174756,164003.00476190474,170023.21495327106,170910.82710280374,169264.7389380531,169846.25877192983,170737.32327586206,170433.58620689655,170514.452991453,170120.1965811966,169124.2125,169420.97083333333,167887.54132231403,171066.11788617884,170861.39763779528,172828.80078125,174104.79615384614,172347.91984732824,173019.72900763358,172419.12977099235,171301.46564885494,171374.16412213742,170801.0496183206,171833.92748091606,174028.08396946563,176401.89694656487,177279.95801526718,177777.52290076335,177064.65267175573,176509.41984732824,176287.140625,175756.6875,175421.78125,175144.15625,174877.796875,174729.265625
41,Oregon,OR,271265.1462264151,268454.391509434,266182.9716981132,262625.3537735849,263764.929245283,263269.891509434,261325.58962264148,259450.49056603768,254420.35849056602,253998.9495412844,253333.29816513762,245454.8681818182,241217.9090909091,238457.9909090909,241842.24324324325,242499.55855855852,244670.1441441441,246998.6919642857,247132.13392857145,247362.5267857143,246725.25892857145,242981.25,235875.2544642857,230440.7876106195,228761.15486725664,228667.9649122807,230687.90350877197,234367.6096491228,237061.1140350877,239772.2105263158,242132.6754385965,243536.3157894737,241805.5657894737,242112.5307017544,241166.85087719298,240733.86521739129,242477.0347826087,247122.97844827586,252783.4745762712,259863.33050847452,265211.96638655465,269217.7458333333,270466.0375,269033.1198347107,270817.9132231405,270728.5082644628,271596.3319672132,271096.80737704923,267735.43902439025,272605.9395161291,274601.64,279731.8531746032,278867.8582677165,284056.26771653537,286486.73828125,285735.171875,283610.90234375,281528.90234375,281855.234375,283021.74609375,285316.80078125,287660.375,292406.8062015504,295896.2923076923,300237.6076923077,302927.6346153846,303095.62595419853,305237.8129770992,305997.43511450384,308980.22137404577,312522.64015151514,313073.82196969696,314100.4507575757,317458.0227272727,323822.65413533826,329259.6616541353,333068.03358208947,336274.0186567164,340132.26666666666,340353.48529411765,341155.0073529412,342118.35401459853,344730.64130434784,348014.5217391305,351215.08273381303,350854.76978417265,353322.8428571428,357591.20070422534,364156.19655172416,366094.71088435367,367397.88095238095,364448.206081081,366817.0704697985,366927.32885906036,367402.288590604,367731.46308724827,370260.09060402686,374026.2751677853,375615.1073825503,381311.41610738257,383653.34563758393,385782.4731543624,385900.1912751678,386981.0402684564,389117.40625,391127.0625,392561.59375,393688.75,394831.3125,396007.03125
42,Pennsylvania,PA,219971.89029535864,219601.81512605038,219144.28215767635,218396.21106557376,219182.312244898,218269.18775510203,216465.2479674797,215653.49593495933,213596.07085020246,211004.63346613548,209316.44023904388,208590.18924302788,207000.5816733068,206785.01581027667,205977.76482213443,205613.19881889762,206613.81640625,205260.03682170546,204979.7073643411,204118.75675675675,202446.1718146718,201002.95769230765,200593.375,199725.325,198578.3333333333,198237.54580152672,200308.12213740454,200491.19056603767,200657.8928571429,200533.24440298512,198922.88703703703,197840.96863468637,196519.0386029412,195679.1544117647,197153.98,198977.27173913046,199401.96570397113,200553.4392857143,202696.31607142856,203891.67375886525,206595.87719298247,207311.7787456446,206060.8961937716,205976.29411764702,206874.0034364261,205865.59246575343,206248.79965753425,206859.24744027306,206432.26599326602,206898.71,208963.73255813954,212268.01803278687,215017.1516129032,213882.05573248406,214295.75394321766,213309.93710691825,213218.4265625,211795.6625,211774.11111111112,211612.12923076926,213225.0045592705,213879.8851963746,215989.27560240965,217903.41467065868,218582.16666666663,218428.1401179941,218871.5705882353,217477.0293255132,218115.88338192413,216200.17971014493,217536.84005763687,215662.06552706554,214756.92329545453,215606.2212885154,216701.49309392265,218525.9123287671,219700.56639566395,221887.89678284182,221514.58,220015.4773333333,221439.71750663128,220384.06005221928,220060.98311688312,220514.2827763496,220091.45477386934,220996.34275184275,223765.61666666667,228670.69906323185,229735.7731481481,231540.8413242009,231564.11711711716,229856.59775280897,229066.1258351893,227430.97136563878,228485.83039647574,227846.8425110132,227774.2588105727,228644.87334801766,229356.3656387665,231258.8656387665,233535.9911894273,235159.4262114537,235500.66189427316,235036.6211453745,234038.40625,232911.46875,231829.4375,230169.90625,228288.640625,226802.1875
44,Rhode Island,RI,292440.4,281307.09722222225,277757.0,278389.18055555556,279348.48611111107,276855.44444444444,275413.06944444444,277775.0,271646.93055555556,268369.44444444444,267703.06944444444,263875.66666666674,261314.7361111111,257166.875,256434.41666666663,256689.81944444447,254916.22222222228,285683.81081081077,285185.2702702703,282107.0,280708.08108108107,276556.1756756757,273345.9459459459,269052.0,269634.1216216216,270379.7162162162,273082.4459459459,273275.2972972973,278481.08108108107,278846.0945945946,281136.4864864865,280339.13513513515,279565.9459459459,280079.7297297297,278713.45945945947,275306.5945945946,277068.91891891893,279971.3378378378,281047.9459459459,286483.2837837838,285660.81081081077,288605.4054054054,288640.2162162162,293222.97297297296,295159.45945945947,292443.24324324325,293469.2297297297,295409.45945945947,291861.0,294733.54054054053,293675.0,293410.89473684214,296932.89473684214,295431.7236842105,298002.2894736842,294468.39473684214,294289.4605263158,290602.60526315786,288981.55263157893,291250.0,293043.26315789466,294760.5263157895,291703.9342105263,289431.5657894737,297901.15384615393,299762.57692307694,304831.25,306842.5,305200.2,306481.225,306801.8,303861.225,301112.4625,306080.25,306519.875,308590.0125,313261.0625,314783.7375,319964.15,319799.95,318083.75,319876.25,318091.25,317775.1875,317957.425,318207.475,318982.1951219512,338764.98863636365,347669.86363636365,353975.90909090906,352539.1818181818,350867.55555555556,351319.7777777777,352000.36666666664,354332.0888888889,353442.83333333326,352767.3,356629.0111111111,358084.94444444444,361138.27777777775,361422.2,362738.44444444455,363338.3111111112,360556.24444444437,360257.65625,359506.125,359036.53125,358612.9375,358260.3125,357958.40625
45,South Carolina,SC,218718.0337078652,215785.07303370786,214001.5617977528,213045.11235955052,212338.4719101124,212618.76404494388,208328.8146067416,208066.23033707862,207556.16853932585,207004.0337078652,206122.0393258427,202187.30337078648,200105.08988764047,197453.1292134832,198393.80898876407,198268.67777777775,198995.1555555556,198659.66666666663,197343.46666666667,197169.95555555559,195938.38333333333,193999.42222222226,192604.38333333333,196243.50549450552,193719.9739583333,192567.34848484848,193900.9292929293,192574.48,201907.79207920792,201865.3712871287,201141.8712871287,199707.91089108915,196964.6519607843,195999.4019607843,195695.55882352943,195518.17156862747,196595.06862745102,198735.28640776695,200315.9951923077,206405.1261682243,207612.32242990652,208804.75233644858,210451.24299065422,210357.05607476635,215179.16513761468,218611.52252252246,217929.51801801802,216750.35267857145,215879.9419642857,216756.50892857145,219940.42477876105,223225.05263157893,224611.98684210522,225897.6403508772,225960.05263157893,225850.18859649124,225860.1754385965,222624.39912280702,225928.2456140351,224819.41739130433,224254.73478260872,227137.06034482762,227875.2198275862,228884.92241379307,230229.0129310345,231037.8760683761,232248.7923728813,231775.6525423729,233538.96638655465,235056.625,238581.36363636365,238369.22314049586,239430.5655737705,240277.28,241469.52777777772,243110.01190476192,241822.81297709927,244710.57633587785,245105.01145038172,243424.6553030303,246338.5977443609,248314.84962406012,246905.53731343284,250244.78467153286,248442.02536231888,248443.3107142857,250842.05357142855,262103.6388888889,263097.3605442177,265870.88513513515,266340.34666666674,264113.74013157893,267503.45751633984,268126.5806451613,268333.9387096775,269143.5258064516,267845.7741935484,267615.42903225805,268957.5193548387,272408.5935483871,272841.3322580645,273401.9387096775,275926.5967741936,273320.05483870965,275658.21875,276656.75,277863.96875,278894.03125,280508.90625,282227.65625
46,South Dakota,SD,182535.7142857143,178435.7142857143,177164.2857142857,174803.57142857142,174013.33333333337,174293.83333333337,175679.93333333332,175143.33333333337,172290.0,170493.33333333337,171560.0,165383.33333333337,163926.66666666663,165027.56666666668,163840.0,166188.33333333337,171569.83333333337,172425.16666666663,172826.66666666663,172196.66666666663,171083.33333333337,169840.0,166198.33333333337,165098.3,163093.33333333337,165938.33333333337,165679.6875,168212.5,167884.375,168296.875,167518.75,165025.0,162746.875,160584.375,160756.25,159906.21875,161590.625,165975.0,168706.25,172328.125,174234.375,176081.25,178956.25,178312.5,179443.75,181153.125,182081.25,180687.5,180415.625,178175.0,190085.29411764702,189561.8823529412,191455.8823529412,197820.70588235292,198539.70588235292,203106.8823529412,204235.29411764702,202627.70588235292,201272.91176470587,199536.76470588235,199532.35294117648,199176.4705882353,198597.05882352943,201308.82352941175,203758.3333333333,206680.5555555556,210936.11111111112,208160.5,207017.23684210522,203002.63157894733,205692.07894736843,206221.0263157895,207042.475,204981.25,209884.975,209510.7142857143,210166.66666666663,215113.63636363635,213305.18181818182,213354.54545454547,214493.08695652173,214933.91304347827,217180.4347826087,217981.52173913046,217716.30434782608,219445.65217391305,219573.91304347827,224821.7391304348,222973.9583333333,224306.96,225335.8,226046.15384615387,228389.42307692303,230537.03703703702,228636.1111111111,231229.62962962964,232140.74074074073,233368.5185185185,238127.77777777772,243613.8888888889,243683.33333333328,244090.40740740747,241079.62962962964,238883.8703703704,234514.140625,231927.875,231639.765625,232275.203125,234057.71875,235874.34375
47,Tennessee,TN,200121.7276422764,198912.96747967481,197548.64112903227,195544.06854838712,195283.612,193399.652,191766.86,190809.13199999998,191075.276,189950.16,190237.37600000002,189072.108,187007.02399999998,184439.02800000002,185882.74,185414.892,186042.9642857143,185164.42063492065,185605.9126984127,184625.37301587305,184049.60714285716,182416.25590551185,183040.5472440945,182141.38976377953,180996.32421875,180246.55859375,181592.94921875,182117.8992248062,182387.92635658922,182551.32558139536,182063.3023255814,181510.90384615387,180830.25190839692,180094.26515151517,181527.82954545453,181927.64772727274,182274.67803030304,184391.52651515152,186145.75939849624,188920.0263157895,191420.99253731343,192267.9104477612,194161.6641791045,194130.24253731343,196403.22222222228,195299.30656934305,195690.91970802922,196420.26449275363,195256.07142857145,194282.27659574468,196429.060283688,198907.33687943267,199375.13028169013,200220.6748251748,199286.6770833333,200793.91034482763,201717.69310344828,202346.70344827586,201797.29794520547,203774.37755102038,205998.7939189189,206271.49324324325,207990.1879194631,210177.83557046982,214487.33557046982,216871.53642384105,215578.46026490067,214800.66993464046,216034.98039215687,215297.8312101911,216918.9716981132,218411.99689440997,218653.599378882,218404.87577639753,221006.03939393943,224948.6347305389,227529.38662790696,229273.67241379307,230805.35142857145,232391.86931818182,233039.3125,233293.98870056495,232708.20391061448,232292.3491620112,231401.71666666673,231693.8296703297,234930.07065217392,238482.4494680851,239091.67357512953,241796.0229591837,241659.38944723614,241472.73880597012,242121.0671641791,241448.0891089109,242090.40099009898,244261.448019802,244648.4777227723,245297.89603960395,245138.0420792079,249026.0198019802,249629.52475247523,250986.57673267327,251031.26237623766,249029.7004950495,249243.328125,250334.296875,249660.078125,249279.671875,250058.796875,250039.953125
48,Texas,TX,192067.66176470587,191787.92533333332,190955.62599469497,190467.3201058201,191410.03703703702,191327.49472295516,188935.23684210522,188919.42763157893,189353.59078947367,188379.13815789478,188157.57894736843,185833.03664921466,184485.44778067886,183690.62760416663,184230.96484375,184742.11168831168,185827.207253886,186032.8333333333,185160.47674418605,185012.6718346253,184325.16408268735,184591.50258397934,184194.11469072165,184349.2719072165,184047.20179948586,184644.1064102564,186969.74615384612,188283.99872773536,188734.52020202018,189441.18261964736,189339.57788944728,189823.14698492465,189904.94987468672,190377.7305764411,192594.2331670823,193251.64267990075,194827.13177339899,197168.81173594133,200979.89588377727,204140.84745762715,206044.94444444447,207858.0576923077,208642.45823389018,208764.525,210651.38214285715,212872.84988179672,213986.0704225352,216541.86627906977,216736.11136890948,219969.4908045977,224007.37669683254,227376.2842696629,230475.63766519824,229622.69305856837,232591.82832618023,235922.44029850746,240803.49260042285,241169.5471698113,242278.96450939454,246087.68865979378,249360.43089430896,251613.937,257299.62055335968,260225.255859375,259553.9875,257677.14733840304,258348.94360902254,258166.68494423796,259403.11172161173,261811.98454545453,263236.66726618697,266768.7121212121,265850.0644876325,264299.29253472225,267374.2151260504,268364.0797342193,268227.86617405585,268242.4108589952,267150.2078651685,265742.0150554675,265912.62834645674,266048.8176838811,265284.8429237947,266625.8188854489,267171.39938556065,268542.9269578313,269392.5930576071,272178.49781341106,272624.7683453237,271683.14978602,270690.6816901409,270550.3210306407,270665.8497229917,269495.2516960651,270005.49932157394,270754.9219810041,271442.73473541386,272163.5841248304,274188.5929443691,277081.6750339213,277799.6743554953,277916.9131614654,277512.3582089552,275518.1275440977,277278.8125,277387.40625,277405.46875,277436.46875,277500.5,277514.65625
49,Utah,UT,231227.99137931035,228632.60344827586,225894.81896551728,226091.5862068965,225180.2672413793,222425.93965517238,219198.83620689652,218225.8620689655,217068.9827586207,213675.93965517238,213763.89655172414,209143.68965517238,206090.5172413793,206014.7068965517,205608.8706896552,202906.43103448272,203163.8706896552,202185.75862068965,202605.43103448272,202021.0948275862,203521.7931034483,205453.07758620693,204077.72413793104,203137.9827586207,201489.6551724138,202146.6206896552,204067.22413793104,205519.12931034484,207168.35344827586,208761.69827586206,209925.6551724138,211964.81896551728,213163.05172413797,216554.34745762715,219092.4745762712,222005.15833333333,224269.8083333333,225786.7049180328,231994.7857142857,235307.5158730159,242025.4047619048,244669.3412698413,247148.33333333328,250066.0158730159,249609.89682539683,248772.83333333328,249410.171875,249102.890625,247274.5625,248893.640625,249924.5,253987.4153846154,258442.1384615385,258892.85384615386,261640.2,262642.35384615377,262634.8307692308,264017.94615384616,262181.23484848486,264468.75373134325,265931.7910447761,270899.41911764705,272789.1911764706,281265.37681159424,284972.22463768115,286130.25,289526.97857142857,290456.8357142857,292366.3857142857,319588.85416666674,322609.875,323772.66666666674,328382.5902777777,329212.9315068493,334220.3766233766,329541.08333333326,329019.0128205128,333877.64556962025,327283.69375,331027.625,332577.225,335946.05625,338879.4375,339279.7625,342374.25925925927,342923.23456790124,344724.73170731706,352497.9337349398,354410.0903614458,355650.44767441857,357129.7441860465,356081.4252873563,362940.7068965517,363048.62068965525,367907.61494252866,372795.7126436782,375076.2068965517,374235.14367816097,377905.2356321839,379948.0057471264,379765.93103448284,381164.8045977011,383502.775862069,380921.908045977,399600.9375,411512.78125,429554.8125,459652.84375,512223.875,585831.3125
51,Virginia,VA,302844.1015625,302087.6015625,300964.3730569948,300062.7706185567,299399.32994923857,296610.93434343435,294576.88442211057,293104.7713567839,290131.175,288732.4675,287194.805,283270.045,280844.0125,280290.763681592,284489.1287128713,286233.5931372549,289826.8268292683,288805.13658536586,287980.7146341464,287779.0048780488,285406.4634146341,283155.8268292683,281050.4317073171,279263.7487804878,280492.69024390244,283405.0917874396,285323.1507177033,287333.42180094786,289449.17061611376,292660.90654205607,291861.9767441861,290046.52546296304,289161.66589861753,290371.89678899077,293079.8302752293,291658.3409090909,294722.7795454545,296094.98198198195,298988.71076233184,303598.78982300893,302886.4285714286,305267.6120689655,306011.9331896552,303060.4159482759,304136.9396551724,301829.23504273506,302849.38723404263,304405.7914893617,308358.37605042016,306387.6449579832,310886.94008264464,313874.42244897963,314900.3528225807,313537.1746987952,312157.74199999997,312541.0438247012,311236.01992031874,309757.2669322709,307836.47420634923,306443.4624505929,305987.34117647057,307854.490234375,310243.77713178296,313290.83397683396,313623.1230769231,311361.2298850575,305217.0839694657,309663.247148289,309707.0456273764,308328.63636363635,306010.4471698113,306356.5320754717,308840.5283018868,307812.9943396226,311051.0780669145,313622.717948718,315411.7281021898,314387.2,312759.5109090909,312581.80797101447,312392.99097472924,312490.2661870504,313197.6594982079,313128.86879432626,314400.2872340425,316737.9561403509,323988.4708904109,330262.5152542373,332404.21644295304,331061.5733333333,329187.8125,326384.4558823529,324876.25080906146,325241.4758842444,327093.6446945338,326629.384244373,327840.22508038586,328713.4887459807,328997.9951768489,332052.4212218649,332862.37138263666,333021.5836012861,331844.963022508,331317.9163987139,330202.65625,329525.5,329064.5,328973.75,329049.6875,329210.03125
50,Vermont,VT,239659.375,237740.625,235628.125,236868.75,259855.8823529412,257085.26470588235,258847.05882352943,259535.29411764702,258798.5294117647,260398.6111111111,255827.77777777772,254455.5555555556,250549.58333333328,249922.22222222228,248188.8888888889,243684.72222222228,249930.5555555556,239968.4210526316,233622.5,233930.9523809524,233411.9047619048,233775.57142857145,226320.45454545453,225802.25,226729.54545454547,229575.0,226384.0909090909,223676.4583333333,221547.91666666663,225399.6875,221083.3333333333,220487.5,218475.0,217658.3333333333,215594.7708333333,213712.5,230813.2,232037.96,233787.96,233262.0,237424.66,235474.52,240460.58,237530.0,236950.1,235541.0,238363.8076923077,236348.5576923077,240975.0,228889.3928571429,232258.17857142855,239010.37931034484,241441.66666666663,244185.0,239670.0,238916.66666666663,235693.33333333328,237823.7,235777.03333333327,238381.66666666663,237518.33333333328,240485.703125,238250.0,240649.140625,240248.4375,244267.5,242267.1875,242982.8125,242730.390625,253637.87878787878,256368.18181818182,252921.2121212121,252409.2878787879,248048.7058823529,245184.27142857143,249467.0,250379.22222222228,248781.91666666663,248854.1388888889,247154.1388888889,249847.13513513515,250647.2027027027,252798.5,252240.7763157895,253615.7763157895,256488.15789473683,263076.25,262203.125,263303.6341463415,264909.5238095238,267125.58139534877,266831.3953488372,268855.8139534884,267666.27906976745,268835.4651162791,267986.23255813954,265550.4651162791,265649.2674418605,267383.5581395349,267657.38372093026,267948.77906976745,271205.8139534884,274587.20930232556,270760.4651162791,271356.1875,269473.0,268067.59375,266339.1875,264841.625,263793.4375
53,Washington,WA,285896.696875,281653.6125,279597.934375,277085.8322981367,277464.72049689444,276538.512345679,274388.20061728393,273456.0429447853,270208.8312883436,266977.0950920245,263646.23312883434,258549.38957055216,253787.19938650308,250968.69325153372,250232.2134146341,247853.59756097558,248217.3363636364,248601.16666666663,247788.60606060605,246514.79393939395,245167.62424242427,241470.8575757576,237540.99696969695,234529.6878787879,234803.03939393943,234870.07228915664,237593.69642857145,242816.44082840238,248323.3224852071,250391.4112426036,253115.8698224852,253218.88461538465,251521.5059171597,251484.4294117647,250972.08529411769,249876.94705882354,250887.12058823532,256522.0639534884,262248.87861271674,266379.4739884393,276608.0342857143,279422.79142857145,282918.0795454545,282065.6488764045,282442.0252808989,282003.75,281572.3820224719,280317.32960893854,279826.08011049725,282157.8425414365,287308.2087912088,290477.5355191257,291630.85245901643,299321.42391304346,300585.48913043475,300186.589673913,299757.8198924731,297755.03763440857,297129.46774193546,295920.0860215053,296307.2967914439,297745.90159574465,303023.70263157896,308820.6236842105,314741.27604166674,317902.5207253886,320007.1881443299,321591.68298969074,322758.8897435897,322550.44102564105,326634.9362244898,327754.3520408164,329410.6556122449,331156.1852791878,335566.73350253806,342336.263546798,350060.31219512195,353380.8658536585,353086.61951219506,354623.3219512195,355921.78780487797,358343.7014563107,360453.0,362655.3495145631,363433.6067961165,368910.504784689,375095.03255813953,389676.5389908257,394156.8068181818,399863.4162895928,400652.84529147984,400847.1860986547,402790.66964285716,408381.75,412317.4776785714,412314.5424107143,416371.375,420668.1741071429,427192.6919642858,431507.0691964286,438120.8683035714,440342.1964285714,440692.125,438617.296875,436086.5,434142.40625,432812.375,431904.28125,431280.5,430868.125
55,Wisconsin,WI,184324.33760683762,183983.46153846156,184392.53389830512,183084.82773109246,182745.13445378147,183410.5,183238.8347107438,184615.70247933886,181515.78512396693,180029.15983606558,178937.63524590165,173708.00406504064,171394.92682926828,170868.60162601626,171344.13414634147,173700.14,176894.53543307085,174699.8307086614,172841.91338582675,171969.921875,171146.51953125,170744.2109375,169086.6328125,165483.953125,163528.3046875,163403.4573643411,164956.85496183205,165256.85227272724,165270.93181818182,165985.51515151517,164826.32330827072,163605.2180451128,162572.25563909774,161256.96240601502,160707.92857142858,158803.56390977444,160932.51481481481,162528.32971014493,164241.83093525178,167791.42446043165,170648.41007194243,172248.97857142857,174061.71631205673,173931.7659574468,174147.43262411348,173457.8076923077,170777.06206896552,169934.91438356164,169939.60738255034,171460.43333333332,174297.81,179078.82467532463,181213.93225806448,181947.43037974683,182034.2405063291,182960.855345912,183334.1163522013,182474.52515723268,181555.5188679245,180834.30625,181891.92857142855,183305.68012422358,184788.40490797546,189112.92073170733,190501.09146341466,191394.44545454546,193015.9096385542,193205.29041916167,193855.46130952387,193953.39880952387,192362.19940476192,190349.37573964495,189821.19822485207,191193.95614035087,193440.4195402299,194439.65168539327,196448.86187845306,200170.20218579235,201521.38858695648,203420.0185185185,203247.9319371728,203085.3429319372,204624.6373056995,204177.94818652852,206727.2233502538,207910.91457286433,209365.44827586206,210197.14805825247,211724.1081730769,213505.76555023924,214022.85849056602,215181.5046948357,215243.03255813953,214411.17209302328,213935.9488372093,214219.1906976744,214557.07906976747,216507.43720930236,217138.59069767446,220026.31627906972,222870.07209302325,223971.8558139535,223480.34883720928,222592.96744186047,222172.359375,221705.0,221426.328125,221286.5,221233.203125,221247.09375
54,West Virginia,WV,161963.46153846153,159887.11538461538,157095.03703703705,156019.44444444447,156898.11111111112,156544.03703703705,155858.11111111112,155121.79629629632,155531.11111111112,155531.90740740742,152701.40740740742,151410.92592592593,149325.57407407407,146994.1607142857,149725.26785714287,149416.5892857143,153573.92857142858,152458.57142857142,152882.58620689655,152279.08620689655,153151.6896551724,151839.58620689655,155637.93548387097,154196.43548387097,155295.12903225806,153351.546875,152953.0,154391.53125,155446.265625,155725.296875,156932.671875,156851.703125,155573.359375,154792.34375,157171.0606060606,157248.4696969697,157287.14285714287,157768.2,157315.86111111112,160650.51351351352,162473.16216216216,162640.6081081081,162848.12162162163,163819.75675675675,162386.3108108108,159463.83333333337,159703.42307692303,160062.52564102566,161262.375,163197.31707317074,166704.97619047618,170830.11627906974,170500.8023255814,171693.81818181818,170751.7,169847.40425531915,170584.17021276595,169828.1914893617,168616.97872340426,168297.01063829788,166984.12765957447,167006.47872340426,168173.48958333337,168526.0,169629.21568627452,169142.1851851852,168257.1851851852,167703.8909090909,167923.45454545456,168703.9909090909,170109.66363636366,167783.44545454544,166654.01785714287,164746.4649122807,167694.18421052632,169205.65833333333,168929.54166666663,168864.06666666668,168344.525,167987.75,165111.58333333337,164122.40833333333,162560.81666666668,162833.78333333333,163198.5819672131,163165.13709677418,163965.15873015873,166384.81746031746,168615.76923076922,169628.45384615386,169483.53787878787,166782.4393939394,167173.5606060606,165418.46268656716,163640.64925373133,162913.9328358209,162648.5671641791,163006.10447761195,164797.67164179106,165847.68656716414,167696.92537313432,169024.90298507462,169003.52985074627,168176.8656716418,167754.359375,166953.046875,166093.03125,165796.609375,165864.078125,166161.171875
56,Wyoming,WY,217342.3076923077,208500.0,208142.3076923077,207634.61538461535,209133.46153846156,205893.3333333333,205659.0,204553.3333333333,202120.0,201206.66666666663,200650.0,196893.3333333333,199480.0,197023.3333333333,201023.3333333333,204819.96875,208634.0625,208234.0625,207803.125,210000.0,210981.25,209237.5,211306.25,209318.75,207075.0,211655.8823529412,210229.70588235292,210150.0,206111.11111111112,206000.0,206618.61111111112,207141.66666666663,203855.5555555556,203711.11111111112,203752.77777777772,203505.5555555556,205684.72222222228,208626.38888888888,210816.66666666663,215025.0,219740.7894736842,220236.7894736842,220383.2105263158,218639.44736842107,220263.5263157895,218846.07894736843,221457.8947368421,217007.8947368421,218565.7894736842,223144.73684210522,226249.34210526317,228543.3947368421,232047.36842105267,235667.1052631579,235686.5263157895,239286.84210526317,243886.7894736842,236203.4210526316,236571.44736842107,239466.25,238275.1904761905,233295.23809523808,232998.61904761905,231268.18181818182,230280.68181818182,231302.27272727274,232638.63636363635,234204.54545454547,236683.4090909091,236313.9782608696,236327.58695652173,234073.65217391305,231466.84782608692,227372.39583333328,233121.98,232191.0,231008.0,232226.0,234850.0,232614.08,232552.04,234201.0,238078.8269230769,233269.60714285716,234295.03448275858,233067.72413793104,236256.72413793104,235459.3448275862,234579.27586206896,232543.33333333328,235250.0,232030.98333333328,269322.5806451613,269730.7096774193,271324.7741935484,270622.5483870968,268898.38709677424,278459.67741935485,278922.17741935485,279193.5483870968,276087.0967741936,284517.7419354839,285239.51612903224,279211.2903225807,278209.9375,276349.25,273639.6875,273456.1875,274110.9375,274794.3125
